Timestamp,Weight,Object,Predictive,Reflexive,Derivative,ico_output
2021-10-11 11:04:42.480169,0.0,1.0,0.0,0.0,0.0,0.0
2021-10-11 11:04:42.577179,0.0,1.0,0.0,0.0,0.0,0.0
2021-10-11 11:04:42.756256,0.0,1.0,0.0,0.0,0.0,0.0
2021-10-11 11:04:42.872957,0.0,1.0,0.0,0.0,0.0,0.0
2021-10-11 11:04:43.006048,0.0,1.0,0.075,0.0,0.0,0.0
2021-10-11 11:04:43.105978,0.0,1.0,0.599,0.0,0.0,0.0
2021-10-11 11:04:43.261794,0.039,1.0,1.0,0.606,0.039,0.606
2021-10-11 11:04:43.349504,0.039,1.0,1.0,0.511,0,0.551521
2021-10-11 11:04:43.478934,0.063,1.0,1.0,0.817,0.024,0.857521
2021-10-11 11:04:43.600987,0.078,1.0,1.0,1.0,0.015,1.066969
2021-10-11 11:05:17.049379,0.078,1.0,0.0,0.0,0.0,0.078
2021-10-11 11:05:17.121081,0.078,1.0,0.0,0.0,0.0,0.078
2021-10-11 11:05:17.227588,0.078,1.0,0.0,0.0,0.0,0.078
2021-10-11 11:05:17.415461,0.078,1.0,0.088,0.0,0.0,0.078535392
2021-10-11 11:05:17.559325,0.078,1.0,0.892,0.0,0.0,0.083426928
2021-10-11 11:05:17.621724,0.114,1.0,1.0,0.221,0.036,0.305084
2021-10-11 11:05:17.780979,0.144,1.0,1.0,0.693,0.03,0.819996
2021-10-11 11:05:17.881030,0.144,1.0,1.0,0.651,0,0.815736
2021-10-11 11:05:17.977852,0.18,1.0,1.0,1.0,0.036,1.164736
2021-10-11 11:05:48.968731,0.18,1.0,0.0,0.0,0.0,0.18
2021-10-11 11:05:49.134160,0.18,1.0,0.0,0.0,0.0,0.18
2021-10-11 11:05:49.265207,0.18,1.0,0.0,0.0,0.0,0.18
2021-10-11 11:05:49.396595,0.18,1.0,0.0,0.0,0.0,0.18
2021-10-11 11:05:49.532757,0.18,1.0,0.875,0.0,0.0,0.20834999999999998
2021-10-11 11:05:49.650489,0.199,1.0,1.0,0.225,0.019,0.4374
2021-10-11 11:05:49.741839,0.22,1.0,1.0,0.418,0.021,0.656601
2021-10-11 11:05:49.969418,0.246,1.0,1.0,1.0,0.026,1.2684
2021-10-11 11:06:27.561689,0.246,1.0,0.0,0.0,0.0,0.246
2021-10-11 11:06:27.689661,0.246,1.0,0.0,0.0,0.0,0.246
2021-10-11 11:06:27.904544,0.246,1.0,0.0,0.0,0.0,0.246
2021-10-11 11:06:27.991839,0.246,1.0,0.0,0.0,0.0,0.246
2021-10-11 11:06:28.110098,0.246,1.0,0.027,0.0,0.0,0.247633932
2021-10-11 11:06:28.222206,0.248,1.0,1.0,0.022,0.002,0.32851600000000003
2021-10-11 11:06:28.379245,0.299,1.0,1.0,0.822,0.051,1.131504
2021-10-11 11:06:28.523723,0.311,1.0,1.0,0.994,0.012,1.382401
2021-10-11 11:06:28.657562,0.311,1.0,1.0,1.0,0.0,1.407721
2021-10-11 11:06:53.958749,0.311,1.0,0.0,0.0,0.0,0.311
2021-10-11 11:06:54.169953,0.311,1.0,0.0,0.0,0.0,0.311
2021-10-11 11:06:54.243729,0.311,1.0,0.0,0.0,0.0,0.311
2021-10-11 11:06:54.382280,0.311,1.0,0.165,0.0,0.0,0.326958965
2021-10-11 11:06:54.479458,0.311,1.0,0.776,0.0,0.0,0.386055496
2021-10-11 11:06:54.543730,0.323,1.0,1.0,0.079,0.012,0.486721
2021-10-11 11:06:54.770416,0.36,1.0,1.0,0.915,0.037,1.342329
2021-10-11 11:06:54.808918,0.36,1.0,1.0,0.898,0,1.3876
2021-10-11 11:06:54.932592,0.362,1.0,1.0,0.922,0.002,1.4116
2021-10-11 11:06:55.072252,0.362,1.0,1.0,0.603,0,1.096044
2021-10-11 11:06:55.261826,0.362,1.0,1.0,0.282,0,0.775044
2021-10-11 11:06:55.348355,0.362,1.0,1.0,0.189,0,0.682044
2021-10-11 11:06:55.489439,0.362,1.0,0.199,0.0,0,0.388077756
2021-10-11 11:06:55.670602,0.362,1.0,0.0,0.0,0.0,0.362
2021-10-11 11:06:55.757279,0.362,1.0,0.0,0.0,0.0,0.362
2021-10-11 11:06:55.876312,0.362,1.0,0.485,0.0,0.0,0.42555634
2021-10-11 11:06:56.027857,0.362,1.0,0.955,0.0,0.0,0.48714702
2021-10-11 11:06:56.130927,0.367,1.0,1.0,0.055,0.005,0.548044
2021-10-11 11:06:56.301868,0.367,1.0,1.0,0.023,0,0.5246890000000001
2021-10-11 11:06:56.371481,0.367,1.0,0.618,0.0,0,0.45023780199999996
2021-10-11 11:06:56.507547,0.367,1.0,0.013,0.0,0.0,0.368750957
2021-10-11 11:06:56.657640,0.367,1.0,0.0,0.0,0.0,0.367
2021-10-11 11:06:56.778279,0.367,1.0,0.0,0.0,0.0,0.367
2021-10-11 11:06:56.881600,0.367,1.0,0.178,0.0,0.0,0.390974642
2021-10-11 11:06:57.002325,0.367,1.0,0.242,0.0,0.0,0.399594738
2021-10-11 11:06:57.139925,0.367,1.0,0.109,0.0,0.0,0.38168110099999997
2021-10-11 11:06:57.269346,0.367,1.0,0.157,0.0,0.0,0.388146173
2021-10-11 11:06:57.405859,0.367,1.0,0.0,0.0,0.0,0.367
2021-10-11 11:06:57.510355,0.367,1.0,0.0,0.0,0.0,0.367
2021-10-11 11:06:57.594833,0.367,1.0,0.0,0.0,0.0,0.367
2021-10-11 11:06:57.746004,0.367,1.0,0.0,0.0,0.0,0.367
2021-10-11 11:06:57.910396,0.367,1.0,0.0,0.0,0.0,0.367
2021-10-11 11:06:58.042940,0.367,1.0,0.0,0.0,0.0,0.367
2021-10-11 11:06:58.137991,0.367,1.0,0.0,0.0,0.0,0.367
2021-10-11 11:06:58.283573,0.367,1.0,0.0,0.0,0.0,0.367
2021-10-11 11:06:58.346138,0.367,1.0,0.0,0.0,0.0,0.367
2021-10-11 11:06:58.538269,0.367,1.0,0.0,0.0,0.0,0.367
2021-10-11 11:06:58.629066,0.367,1.0,0.012,0.0,0.0,0.36861626799999997
2021-10-11 11:06:58.729842,0.367,1.0,0.0,0.0,0.0,0.367
2021-10-11 11:06:58.877483,0.367,1.0,0.059,0.0,0.0,0.374946651
2021-10-11 11:06:59.001353,0.367,1.0,0.169,0.0,0.0,0.389762441
2021-10-11 11:06:59.132555,0.367,1.0,0.417,0.0,0.0,0.423165313
2021-10-11 11:06:59.222045,0.367,1.0,0.309,0.0,0.0,0.408618901
2021-10-11 11:06:59.376688,0.367,1.0,0.223,0.0,0.0,0.397035647
2021-10-11 11:06:59.503343,0.367,1.0,0.342,0.0,0.0,0.413063638
2021-10-11 11:06:59.630061,0.367,1.0,0.6,0.0,0.0,0.4478134
2021-10-11 11:06:59.774004,0.367,1.0,0.827,0.0,0.0,0.478387803
2021-10-11 11:06:59.903722,0.369,1.0,1.0,0.025,0.002,0.5266890000000001
2021-10-11 11:06:59.959780,0.381,1.0,1.0,0.091,0.012,0.5961609999999999
2021-10-11 11:07:00.044115,0.381,1.0,1.0,0.063,0,0.589161
2021-10-11 11:07:00.233994,0.386,1.0,1.0,0.159,0.005,0.685161
2021-10-11 11:07:00.404742,0.391,1.0,1.0,0.243,0.005,0.777996
2021-10-11 11:07:00.499094,0.404,1.0,1.0,0.363,0.013,0.906881
2021-10-11 11:07:00.632565,0.42,1.0,1.0,0.573,0.016,1.1402160000000001
2021-10-11 11:07:00.771336,0.427,1.0,1.0,0.669,0.007,1.2654
2021-10-11 11:07:00.875929,0.432,1.0,1.0,0.721,0.005,1.3303289999999999
2021-10-11 11:07:01.011121,0.436,1.0,1.0,0.781,0.004,1.399624
2021-10-11 11:07:01.136867,0.448,1.0,1.0,0.929,0.012,1.555096
2021-10-11 11:07:01.273273,0.448,1.0,1.0,0.915,0,1.563704
2021-10-11 11:07:01.375634,0.448,1.0,1.0,0.847,0,1.495704
2021-10-11 11:07:01.505303,0.448,1.0,1.0,0.85,0.0,1.498704
2021-10-11 11:07:01.645904,0.452,1.0,1.0,0.906,0.004,1.554704
2021-10-11 11:07:01.706748,0.452,1.0,1.0,0.859,0,1.515304
2021-10-11 11:07:01.814820,0.452,1.0,1.0,0.851,0,1.507304
2021-10-11 11:07:01.897728,0.452,1.0,1.0,0.848,-0.0,1.5043039999999999
2021-10-11 11:07:02.110463,0.452,1.0,1.0,0.809,0,1.4653040000000002
2021-10-11 11:07:02.239976,0.455,1.0,1.0,0.851,0.003,1.507304
2021-10-11 11:07:02.414581,0.457,1.0,1.0,0.879,0.002,1.541025
2021-10-11 11:07:02.502184,0.457,1.0,1.0,0.809,0,1.474849
2021-10-11 11:07:02.658482,0.461,1.0,1.0,0.869,0.004,1.534849
2021-10-11 11:07:02.780339,0.462,1.0,1.0,0.883,0.001,1.556521
2021-10-11 11:07:02.909077,0.462,1.0,1.0,0.864,0,1.539444
2021-10-11 11:07:03.039154,0.462,1.0,1.0,0.866,0.0,1.541444
2021-10-11 11:07:48.781690,0.462,1.0,0.0,0.0,0.0,0.462
2021-10-11 11:07:48.886108,0.462,1.0,0.0,0.0,0.0,0.462
2021-10-11 11:07:49.019238,0.462,1.0,0.0,0.0,0.0,0.462
2021-10-11 11:07:49.123691,0.462,1.0,0.169,0.0,0.0,0.49807203600000005
2021-10-11 11:07:49.248253,0.47,1.0,1.0,0.104,0.008,0.779444
2021-10-11 11:07:49.377367,0.516,1.0,1.0,0.692,0.046,1.3828999999999998
2021-10-11 11:07:49.508469,0.539,1.0,1.0,0.991,0.023,1.773256
2021-10-11 11:07:49.640153,0.539,1.0,1.0,0.787,0,1.616521
2021-10-11 11:07:49.733713,0.539,1.0,1.0,0.777,0,1.606521
2021-10-11 11:07:49.780248,0.539,1.0,1.0,0.727,0,1.556521
2021-10-11 11:07:49.973847,0.539,1.0,1.0,0.503,0,1.332521
2021-10-11 11:07:50.158965,0.539,1.0,0.933,0.0,0,0.810056093
2021-10-11 11:07:50.268379,0.539,1.0,0.509,0.0,0.0,0.686875189
2021-10-11 11:07:50.373289,0.539,1.0,0.176,0.0,0.0,0.590131696
2021-10-11 11:07:50.502171,0.539,1.0,0.282,0.0,0.0,0.620926922
2021-10-11 11:07:50.640215,0.549,1.0,1.0,0.141,0.01,0.9705210000000001
2021-10-11 11:07:50.739263,0.604,1.0,1.0,0.687,0.055,1.537401
2021-10-11 11:07:50.867527,0.625,1.0,1.0,0.961,0.021,1.9298159999999998
2021-10-11 11:07:51.005808,0.625,1.0,1.0,0.787,0,1.802625
2021-10-11 11:07:51.150202,0.625,1.0,1.0,0.378,0,1.3936250000000001
2021-10-11 11:07:51.232997,0.625,1.0,0.862,0.0,0,0.96171875
2021-10-11 11:07:51.386451,0.625,1.0,0.0,0.0,0.0,0.625
2021-10-11 11:07:51.608147,0.625,1.0,0.792,0.0,0.0,0.934375
2021-10-11 11:07:51.772669,0.625,1.0,0.562,0.0,0.0,0.8445312500000001
2021-10-11 11:07:51.866139,0.625,1.0,0.0,0.0,0.0,0.625
2021-10-11 11:07:52.004604,0.625,1.0,0.0,0.0,0.0,0.625
2021-10-11 11:07:52.143394,0.625,1.0,0.544,0.0,0.0,0.8375
2021-10-11 11:07:52.242295,0.625,1.0,0.605,0.0,0.0,0.861328125
2021-10-11 11:07:52.408989,0.625,1.0,0.0,0.0,0.0,0.625
2021-10-11 11:07:52.531749,0.625,1.0,0.0,0.0,0.0,0.625
2021-10-11 11:07:52.627490,0.625,1.0,0.576,0.0,0.0,0.85
2021-10-11 11:07:52.777349,0.63,1.0,1.0,0.073,0.005,1.088625
2021-10-11 11:07:52.903795,0.63,1.0,0.235,0.0,0,0.7232715
2021-10-11 11:07:53.003434,0.63,1.0,0.446,0.0,0.0,0.8070174
2021-10-11 11:07:53.108132,0.64,1.0,1.0,0.109,0.01,1.1359
2021-10-11 11:07:53.269636,0.665,1.0,1.0,0.512,0.025,1.5616
2021-10-11 11:07:53.407246,0.689,1.0,1.0,0.843,0.024,1.950225
2021-10-11 11:07:53.497880,0.706,1.0,1.0,1.0,0.017,2.163721
2021-10-11 11:08:29.900286,0.706,1.0,0.0,0.0,0.0,0.706
2021-10-11 11:08:29.988475,0.706,1.0,0.0,0.0,0.0,0.706
2021-10-11 11:08:30.154561,0.706,1.0,0.0,0.0,0.0,0.706
2021-10-11 11:08:30.250745,0.706,1.0,0.0,0.0,0.0,0.706
2021-10-11 11:08:30.390786,0.706,1.0,0.187,0.0,0.0,0.7992075319999999
2021-10-11 11:08:30.514500,0.706,1.0,0.861,0.0,0.0,1.1351533959999998
2021-10-11 11:08:30.620775,0.727,1.0,1.0,0.225,0.021,1.429436
2021-10-11 11:08:30.764065,0.727,1.0,1.0,0.185,0,1.440529
2021-10-11 11:08:30.926179,0.727,1.0,1.0,0.04,0,1.295529
2021-10-11 11:08:30.997366,0.727,1.0,1.0,0.008,0,1.263529
2021-10-11 11:08:31.154048,0.727,1.0,0.633,0.0,-0.0,1.061558857
2021-10-11 11:08:31.254128,0.727,1.0,0.105,0.0,0.0,0.782495545
2021-10-11 11:08:31.302359,0.727,1.0,0.088,0.0,0.0,0.773510552
2021-10-11 11:08:31.459378,0.727,1.0,0.002,0.0,0.0,0.728057058
2021-10-11 11:08:31.652830,0.727,1.0,0.015,0.0,0.0,0.734927935
2021-10-11 11:08:31.759931,0.727,1.0,0.476,0.0,0.0,0.978579804
2021-10-11 11:08:31.826535,0.727,1.0,0.998,0.0,0.0,1.254471942
2021-10-11 11:08:31.988129,0.76,1.0,1.0,0.533,0.033,1.788529
2021-10-11 11:08:32.137185,0.773,1.0,1.0,0.721,0.013,2.0586
2021-10-11 11:08:32.259830,0.773,1.0,1.0,0.681,0,2.051529
2021-10-11 11:08:32.369044,0.776,1.0,1.0,0.709,0.003,2.079529
2021-10-11 11:08:32.542365,0.776,1.0,1.0,0.463,0,1.8411760000000001
2021-10-11 11:08:32.655708,0.776,1.0,1.0,0.259,0,1.6371760000000002
2021-10-11 11:08:32.776701,0.776,1.0,1.0,0.053,0,1.431176
2021-10-11 11:08:32.924490,0.783,1.0,1.0,0.158,0.007,1.536176
2021-10-11 11:08:33.009334,0.783,1.0,1.0,0.097,0,1.4930889999999999
2021-10-11 11:08:33.151734,0.783,1.0,1.0,0.004,0,1.400089
2021-10-11 11:08:33.255623,0.788,1.0,1.0,0.057,0.005,1.4530889999999999
2021-10-11 11:08:33.393648,0.792,1.0,1.0,0.114,0.004,1.522944
2021-10-11 11:08:33.519346,0.792,1.0,1.0,0.069,0,1.488264
2021-10-11 11:08:33.618942,0.792,1.0,1.0,0.021,0,1.440264
2021-10-11 11:08:33.747973,0.794,1.0,1.0,0.051,0.002,1.470264
2021-10-11 11:08:33.884276,0.795,1.0,1.0,0.066,0.001,1.490436
2021-10-11 11:08:34.013104,0.795,1.0,1.0,0.069,0.0,1.496025
2021-10-11 11:08:34.107965,0.795,1.0,1.0,0.035,0,1.462025
2021-10-11 11:08:34.157612,0.798,1.0,1.0,0.049,0.003,1.476025
2021-10-11 11:08:34.353175,0.799,1.0,1.0,0.065,0.001,1.4998040000000001
2021-10-11 11:08:34.494662,0.799,1.0,1.0,0.04,0,1.4774010000000002
2021-10-11 11:08:34.623897,0.799,1.0,1.0,0.045,0.0,1.482401
2021-10-11 11:08:34.758480,0.799,1.0,1.0,0.046,0.0,1.4834010000000002
2021-10-11 11:08:34.918279,0.799,1.0,1.0,0.041,-0.0,1.478401
2021-10-11 11:08:35.011382,0.801,1.0,1.0,0.059,0.002,1.496401
2021-10-11 11:08:35.133744,0.801,1.0,0.991,0.0,0,1.436826591
2021-10-11 11:08:35.234760,0.807,1.0,1.0,0.061,0.006,1.5036010000000002
2021-10-11 11:08:35.389869,0.807,1.0,1.0,0.049,0,1.507249
2021-10-11 11:08:35.525136,0.807,1.0,1.0,0.047,-0.0,1.505249
2021-10-11 11:09:04.765999,0.807,1.0,0.0,0.0,0.0,0.807
2021-10-11 11:09:04.885841,0.807,1.0,0.0,0.0,0.0,0.807
2021-10-11 11:09:04.967329,0.807,1.0,0.0,0.0,0.0,0.807
2021-10-11 11:09:05.050525,0.807,1.0,0.0,0.0,0.0,0.807
2021-10-11 11:09:05.239467,0.807,1.0,0.0,0.0,0.0,0.807
2021-10-11 11:09:05.401333,0.807,1.0,0.399,0.0,0.0,1.066848351
2021-10-11 11:09:05.529022,0.807,1.0,0.318,0.0,0.0,1.014097182
2021-10-11 11:09:05.646503,0.807,1.0,0.471,0.0,0.0,1.113738279
2021-10-11 11:09:05.777724,0.807,1.0,0.0,0.0,0.0,0.807
2021-10-11 11:09:05.859190,0.807,1.0,0.0,0.0,0.0,0.807
2021-10-11 11:09:06.037055,0.807,1.0,1.0,0.001,0.0,1.459249
2021-10-11 11:09:06.132810,0.807,1.0,0.797,0.0,-0.0,1.326045453
2021-10-11 11:09:06.172378,0.807,1.0,0.572,0.0,0.0,1.179514428
2021-10-11 11:09:06.375352,0.807,1.0,0.094,0.0,0.0,0.8682174060000001
2021-10-11 11:09:06.526673,0.813,1.0,1.0,0.098,0.006,1.5562490000000002
2021-10-11 11:09:06.662837,0.833,1.0,1.0,0.373,0.02,1.8469689999999999
2021-10-11 11:09:06.768880,0.833,1.0,1.0,0.333,0,1.859889
2021-10-11 11:09:06.811653,0.833,1.0,1.0,0.311,0,1.8378889999999999
2021-10-11 11:09:06.973263,0.874,1.0,1.0,0.973,0.041,2.499889
2021-10-11 11:09:07.121647,0.876,1.0,1.0,1.0,0.002,2.637876
2021-10-11 11:09:36.015802,0.876,1.0,0.0,0.0,0.0,0.876
2021-10-11 11:09:36.153955,0.876,1.0,0.0,0.0,0.0,0.876
2021-10-11 11:09:36.250795,0.876,1.0,0.0,0.0,0.0,0.876
2021-10-11 11:09:36.398312,0.876,1.0,0.0,0.0,0.0,0.876
2021-10-11 11:09:36.514311,0.876,1.0,0.0,0.0,0.0,0.876
2021-10-11 11:09:36.623989,0.876,1.0,0.0,0.0,0.0,0.876
2021-10-11 11:09:36.762023,0.876,1.0,0.0,0.0,0.0,0.876
2021-10-11 11:09:36.832680,0.876,1.0,0.017,0.0,0.0,0.889045392
2021-10-11 11:09:36.993646,0.876,1.0,0.023,0.0,0.0,0.893649648
2021-10-11 11:09:37.125147,0.876,1.0,0.0,0.0,0.0,0.876
2021-10-11 11:09:37.261639,0.876,1.0,0.0,0.0,0.0,0.876
2021-10-11 11:09:37.418113,0.876,1.0,0.0,0.0,0.0,0.876
2021-10-11 11:09:37.520492,0.876,1.0,0.027,0.0,0.0,0.896719152
2021-10-11 11:09:37.585760,0.876,1.0,0.0,0.0,0.0,0.876
2021-10-11 11:09:37.683490,0.876,1.0,0.058,0.0,0.0,0.920507808
2021-10-11 11:09:37.894518,0.876,1.0,0.0,0.0,0.0,0.876
2021-10-11 11:09:37.997421,0.876,1.0,0.0,0.0,0.0,0.876
2021-10-11 11:09:38.158612,0.876,1.0,0.0,0.0,0.0,0.876
2021-10-11 11:09:38.247210,0.876,1.0,0.0,0.0,0.0,0.876
2021-10-11 11:09:38.399240,0.876,1.0,0.027,0.0,0.0,0.896719152
2021-10-11 11:09:38.460140,0.876,1.0,0.088,0.0,0.0,0.943529088
2021-10-11 11:09:38.591031,0.876,1.0,0.0,0.0,0.0,0.876
2021-10-11 11:09:38.731196,0.876,1.0,0.0,0.0,0.0,0.876
2021-10-11 11:09:38.789610,0.876,1.0,0.0,0.0,0.0,0.876
2021-10-11 11:09:38.966190,0.876,1.0,0.0,0.0,0.0,0.876
2021-10-11 11:09:39.159182,0.876,1.0,0.0,0.0,0.0,0.876
2021-10-11 11:09:39.247204,0.876,1.0,0.0,0.0,0.0,0.876
2021-10-11 11:09:39.384511,0.876,1.0,0.0,0.0,0.0,0.876
2021-10-11 11:09:39.486555,0.876,1.0,0.0,0.0,0.0,0.876
2021-10-11 11:09:39.604802,0.876,1.0,0.0,0.0,0.0,0.876
2021-10-11 11:09:39.691639,0.876,1.0,0.0,0.0,0.0,0.876
2021-10-11 11:09:39.879769,0.876,1.0,0.0,0.0,0.0,0.876
2021-10-11 11:09:39.993105,0.876,1.0,0.0,0.0,0.0,0.876
2021-10-11 11:09:40.138852,0.876,1.0,0.0,0.0,0.0,0.876
2021-10-11 11:09:40.259151,0.876,1.0,0.0,0.0,0.0,0.876
2021-10-11 11:09:40.413999,0.876,1.0,0.0,0.0,0.0,0.876
2021-10-11 11:09:40.522647,0.876,1.0,0.0,0.0,0.0,0.876
2021-10-11 11:09:40.588140,0.876,1.0,0.0,0.0,0.0,0.876
2021-10-11 11:09:40.779049,0.876,1.0,0.034,0.0,0.0,0.902090784
2021-10-11 11:09:40.920552,0.876,1.0,0.026,0.0,0.0,0.895951776
2021-10-11 11:09:41.010805,0.876,1.0,0.043,0.0,0.0,0.908997168
2021-10-11 11:09:41.149934,0.876,1.0,0.15,0.0,0.0,0.9911063999999999
2021-10-11 11:09:41.248572,0.876,1.0,0.237,0.0,0.0,1.057868112
2021-10-11 11:09:41.350434,0.876,1.0,0.339,0.0,0.0,1.136140464
2021-10-11 11:09:41.497339,0.876,1.0,0.37,0.0,0.0,1.1599291200000001
2021-10-11 11:09:41.637776,0.876,1.0,0.654,0.0,0.0,1.377863904
2021-10-11 11:09:41.756195,0.876,1.0,0.845,0.0,0.0,1.52443272
2021-10-11 11:09:41.814293,0.876,1.0,0.932,0.0,0.0,1.591194432
2021-10-11 11:09:41.963171,0.876,1.0,0.963,0.0,0.0,1.614983088
2021-10-11 11:09:42.149236,0.876,1.0,0.848,0.0,0.0,1.5267348479999998
2021-10-11 11:09:42.250110,0.876,1.0,0.967,0.0,0.0,1.618052592
2021-10-11 11:09:42.389724,0.876,1.0,0.903,0.0,0.0,1.5689405280000002
2021-10-11 11:09:42.500905,0.876,1.0,0.853,0.0,0.0,1.530571728
2021-10-11 11:09:42.636274,0.876,1.0,0.85,0.0,0.0,1.5282695999999998
2021-10-11 11:09:42.751852,0.876,1.0,0.9,0.0,0.0,1.5666384
2021-10-11 11:09:42.885965,0.876,1.0,0.835,0.0,0.0,1.51675896
2021-10-11 11:09:43.046032,0.876,1.0,0.887,0.0,0.0,1.556662512
2021-10-11 11:09:43.123636,0.876,1.0,0.935,0.0,0.0,1.5934965600000002
2021-10-11 11:09:43.257174,0.876,1.0,0.93,0.0,0.0,1.58965968
2021-10-11 11:09:43.362160,0.876,1.0,0.951,0.0,0.0,1.605774576
2021-10-11 11:09:43.528040,0.876,1.0,0.905,0.0,0.0,1.5704752800000001
2021-10-11 11:09:43.653876,0.876,1.0,0.866,0.0,0.0,1.540547616
2021-10-11 11:09:43.750139,0.876,1.0,0.924,0.0,0.0,1.585055424
2021-10-11 11:09:43.829715,0.876,1.0,0.885,0.0,0.0,1.55512776
2021-10-11 11:09:44.020588,0.876,1.0,0.861,0.0,0.0,1.5367107359999999
2021-10-11 11:09:44.155044,0.876,1.0,0.921,0.0,0.0,1.582753296
2021-10-11 11:09:44.287808,0.876,1.0,0.876,0.0,0.0,1.5482213759999999
2021-10-11 11:09:44.392512,0.876,1.0,0.818,0.0,0.0,1.503713568
2021-10-11 11:09:44.512190,0.876,1.0,0.905,0.0,0.0,1.5704752800000001
2021-10-11 11:09:44.642516,0.876,1.0,0.886,0.0,0.0,1.5558951360000002
2021-10-11 11:09:44.771190,0.876,1.0,0.881,0.0,0.0,1.552058256
2021-10-11 11:09:44.884203,0.876,1.0,0.932,0.0,0.0,1.591194432
2021-10-11 11:09:45.016098,0.876,1.0,0.949,0.0,0.0,1.604239824
2021-10-11 11:09:45.112715,0.876,1.0,0.909,0.0,0.0,1.573544784
2021-10-11 11:09:45.222760,0.876,1.0,0.883,0.0,0.0,1.553593008
2021-10-11 11:09:45.351835,0.876,1.0,0.822,0.0,0.0,1.506783072
2021-10-11 11:09:45.539979,0.876,1.0,0.892,0.0,0.0,1.560499392
2021-10-11 11:09:45.622663,0.876,1.0,0.894,0.0,0.0,1.562034144
2021-10-11 11:09:45.768512,0.876,1.0,0.935,0.0,0.0,1.5934965600000002
2021-10-11 11:09:45.820107,0.876,1.0,0.889,0.0,0.0,1.558197264
2021-10-11 11:09:45.891706,0.876,1.0,0.844,0.0,0.0,1.5236653439999999
2021-10-11 11:09:46.174196,0.876,1.0,0.91,0.0,0.0,1.5743121599999998
2021-10-11 11:10:26.868799,0.876,1.0,0.0,0.0,0.0,0.876
2021-10-11 11:10:26.994248,0.876,1.0,0.0,0.0,0.0,0.876
2021-10-11 11:10:27.142518,0.876,1.0,0.0,0.0,0.0,0.876
2021-10-11 11:10:27.203009,0.876,1.0,0.0,0.0,0.0,0.876
2021-10-11 11:10:27.369750,0.876,1.0,0.089,0.0,0.0,0.944296464
2021-10-11 11:10:27.476791,0.876,1.0,0.107,0.0,0.0,0.958109232
2021-10-11 11:10:27.624038,0.876,1.0,0.0,0.0,0.0,0.876
2021-10-11 11:10:27.731589,0.876,1.0,0.0,0.0,0.0,0.876
2021-10-11 11:10:27.922897,0.876,1.0,0.0,0.0,0.0,0.876
2021-10-11 11:10:28.005857,0.876,1.0,0.0,0.0,0.0,0.876
2021-10-11 11:10:28.141745,0.876,1.0,0.164,0.0,0.0,1.001849664
2021-10-11 11:10:28.229592,0.876,1.0,0.231,0.0,0.0,1.053263856
2021-10-11 11:10:28.408999,0.876,1.0,0.0,0.0,0.0,0.876
2021-10-11 11:10:28.516860,0.876,1.0,0.0,0.0,0.0,0.876
2021-10-11 11:10:28.593408,0.876,1.0,0.0,0.0,0.0,0.876
2021-10-11 11:10:28.800064,0.876,1.0,0.0,0.0,0.0,0.876
2021-10-11 11:10:28.891655,0.876,1.0,0.0,0.0,0.0,0.876
2021-10-11 11:10:28.979686,0.876,1.0,0.0,0.0,0.0,0.876
2021-10-11 11:10:29.161773,0.876,1.0,0.0,0.0,0.0,0.876
2021-10-11 11:10:29.256030,0.876,1.0,0.0,0.0,0.0,0.876
2021-10-11 11:10:29.391595,0.876,1.0,0.0,0.0,0.0,0.876
2021-10-11 11:10:29.531351,0.876,1.0,0.0,0.0,0.0,0.876
2021-10-11 11:10:29.624510,0.876,1.0,0.0,0.0,0.0,0.876
2021-10-11 11:10:29.773355,0.876,1.0,0.0,0.0,0.0,0.876
2021-10-11 11:10:29.881535,0.876,1.0,0.0,0.0,0.0,0.876
2021-10-11 11:10:29.969802,0.876,1.0,0.0,0.0,0.0,0.876
2021-10-11 11:10:30.092747,0.876,1.0,0.0,0.0,0.0,0.876
2021-10-11 11:10:30.238897,0.876,1.0,0.0,0.0,0.0,0.876
2021-10-11 11:10:30.357964,0.876,1.0,0.0,0.0,0.0,0.876
2021-10-11 11:10:30.527956,0.876,1.0,0.0,0.0,0.0,0.876
2021-10-11 11:10:30.598004,0.876,1.0,0.0,0.0,0.0,0.876
2021-10-11 11:10:30.721836,0.876,1.0,0.0,0.0,0.0,0.876
2021-10-11 11:10:30.765230,0.876,1.0,0.0,0.0,0.0,0.876
2021-10-11 11:10:30.935133,0.876,1.0,0.0,0.0,0.0,0.876
2021-10-11 11:10:31.153830,0.876,1.0,0.0,0.0,0.0,0.876
2021-10-11 11:10:31.255044,0.876,1.0,0.0,0.0,0.0,0.876
2021-10-11 11:10:31.358149,0.876,1.0,0.06,0.0,0.0,0.92204256
2021-10-11 11:10:31.512738,0.876,1.0,0.0,0.0,0.0,0.876
2021-10-11 11:10:31.660848,0.876,1.0,0.0,0.0,0.0,0.876
2021-10-11 11:10:31.756408,0.876,1.0,0.0,0.0,0.0,0.876
2021-10-11 11:10:31.846219,0.876,1.0,0.176,0.0,0.0,1.011058176
2021-10-11 11:10:32.014080,0.876,1.0,0.152,0.0,0.0,0.992641152
2021-10-11 11:10:32.123911,0.876,1.0,0.169,0.0,0.0,1.005686544
2021-10-11 11:10:32.252558,0.876,1.0,0.457,0.0,0.0,1.226690832
2021-10-11 11:10:32.383374,0.876,1.0,0.528,0.0,0.0,1.281174528
2021-10-11 11:10:32.529784,0.884,1.0,1.0,0.121,0.008,1.764376
2021-10-11 11:10:32.658030,0.908,1.0,1.0,0.423,0.024,2.088456
2021-10-11 11:10:32.779498,0.923,1.0,1.0,0.601,0.015,2.333464
2021-10-11 11:10:32.875637,0.923,1.0,1.0,0.485,0,2.259929
2021-10-11 11:10:32.998275,0.925,1.0,1.0,0.511,0.002,2.2859290000000003
2021-10-11 11:10:33.156455,0.925,1.0,1.0,0.499,0,2.2796250000000002
2021-10-11 11:10:33.250151,0.927,1.0,1.0,0.518,0.002,2.2986250000000004
2021-10-11 11:10:33.333769,0.927,1.0,1.0,0.504,0,2.2903290000000003
2021-10-11 11:10:33.533561,0.927,1.0,1.0,0.476,0,2.2623290000000003
2021-10-11 11:10:33.623944,0.932,1.0,1.0,0.523,0.005,2.3093290000000004
2021-10-11 11:10:33.722250,0.932,1.0,1.0,0.51,0,2.310624
2021-10-11 11:10:33.779972,0.932,1.0,1.0,0.505,0,2.305624
2021-10-11 11:10:33.948970,0.938,1.0,1.0,0.603,0.006,2.4036239999999998
2021-10-11 11:11:00.512798,0.938,1.0,0.0,0.0,0.0,0.938
2021-10-11 11:11:00.641797,0.938,1.0,0.0,0.0,0.0,0.938
2021-10-11 11:11:00.779117,0.938,1.0,0.0,0.0,0.0,0.938
2021-10-11 11:11:00.891777,0.938,1.0,0.0,0.0,0.0,0.938
2021-10-11 11:11:01.005556,0.938,1.0,0.0,0.0,0.0,0.938
2021-10-11 11:11:01.147704,0.938,1.0,0.0,0.0,0.0,0.938
2021-10-11 11:11:01.277807,0.938,1.0,0.0,0.0,0.0,0.938
2021-10-11 11:11:01.386096,0.938,1.0,0.0,0.0,0.0,0.938
2021-10-11 11:11:01.546727,0.938,1.0,0.0,0.0,0.0,0.938
2021-10-11 11:11:01.631662,0.938,1.0,0.0,0.0,0.0,0.938
2021-10-11 11:11:01.734135,0.938,1.0,0.0,0.0,0.0,0.938
2021-10-11 11:11:01.849415,0.938,1.0,0.0,0.0,0.0,0.938
2021-10-11 11:11:02.013693,0.938,1.0,0.0,0.0,0.0,0.938
2021-10-11 11:11:02.169188,0.938,1.0,0.0,0.0,0.0,0.938
2021-10-11 11:11:02.239276,0.938,1.0,0.0,0.0,0.0,0.938
2021-10-11 11:11:02.383076,0.938,1.0,0.0,0.0,0.0,0.938
2021-10-11 11:11:02.470511,0.938,1.0,0.0,0.0,0.0,0.938
2021-10-11 11:11:02.642660,0.938,1.0,0.0,0.0,0.0,0.938
2021-10-11 11:11:02.772129,0.938,1.0,0.0,0.0,0.0,0.938
2021-10-11 11:11:02.902689,0.938,1.0,0.0,0.0,0.0,0.938
2021-10-11 11:11:03.035731,0.938,1.0,0.0,0.0,0.0,0.938
2021-10-11 11:11:03.145213,0.938,1.0,0.0,0.0,0.0,0.938
2021-10-11 11:11:03.287670,0.938,1.0,0.0,0.0,0.0,0.938
2021-10-11 11:11:03.373942,0.938,1.0,0.0,0.0,0.0,0.938
2021-10-11 11:11:03.445995,0.938,1.0,0.0,0.0,0.0,0.938
2021-10-11 11:11:03.585878,0.938,1.0,0.0,0.0,0.0,0.938
2021-10-11 11:11:03.745779,0.938,1.0,0.0,0.0,0.0,0.938
2021-10-11 11:11:03.867276,0.938,1.0,0.0,0.0,0.0,0.938
2021-10-11 11:11:04.000576,0.938,1.0,0.0,0.0,0.0,0.938
2021-10-11 11:11:04.175592,0.938,1.0,0.0,0.0,0.0,0.938
2021-10-11 11:11:04.245802,0.938,1.0,0.0,0.0,0.0,0.938
2021-10-11 11:11:04.288651,0.938,1.0,0.0,0.0,0.0,0.938
2021-10-11 11:11:04.488717,0.938,1.0,0.0,0.0,0.0,0.938
2021-10-11 11:11:04.674808,0.938,1.0,0.0,0.0,0.0,0.938
2021-10-11 11:11:04.738694,0.938,1.0,0.0,0.0,0.0,0.938
2021-10-11 11:11:04.870815,0.938,1.0,0.0,0.0,0.0,0.938
2021-10-11 11:11:04.977721,0.938,1.0,0.0,0.0,0.0,0.938
2021-10-11 11:11:05.119378,0.938,1.0,0.0,0.0,0.0,0.938
2021-10-11 11:11:05.272636,0.938,1.0,0.0,0.0,0.0,0.938
2021-10-11 11:11:05.389733,0.938,1.0,0.0,0.0,0.0,0.938
2021-10-11 11:11:05.536019,0.938,1.0,0.0,0.0,0.0,0.938
2021-10-11 11:11:05.599996,0.938,1.0,0.0,0.0,0.0,0.938
2021-10-11 11:11:05.786376,0.938,1.0,0.0,0.0,0.0,0.938
2021-10-11 11:11:05.880409,0.938,1.0,0.0,0.0,0.0,0.938
2021-10-11 11:11:06.038967,0.938,1.0,0.0,0.0,0.0,0.938
2021-10-11 11:11:06.139090,0.938,1.0,0.0,0.0,0.0,0.938
2021-10-11 11:11:06.300901,0.938,1.0,0.0,0.0,0.0,0.938
2021-10-11 11:11:06.377149,0.938,1.0,0.0,0.0,0.0,0.938
2021-10-11 11:11:06.504854,0.938,1.0,0.0,0.0,0.0,0.938
2021-10-11 11:11:06.642566,0.938,1.0,0.0,0.0,0.0,0.938
2021-10-11 11:11:06.748493,0.938,1.0,0.0,0.0,0.0,0.938
2021-10-11 11:11:06.849086,0.938,1.0,0.0,0.0,0.0,0.938
2021-10-11 11:11:06.922075,0.938,1.0,0.0,0.0,0.0,0.938
2021-10-11 11:11:07.093608,0.938,1.0,0.0,0.0,0.0,0.938
2021-10-11 11:11:07.267764,0.938,1.0,0.0,0.0,0.0,0.938
2021-10-11 11:11:07.371079,0.938,1.0,0.0,0.0,0.0,0.938
2021-10-11 11:11:07.520160,0.938,1.0,0.0,0.0,0.0,0.938
2021-10-11 11:11:07.637409,0.938,1.0,0.0,0.0,0.0,0.938
2021-10-11 11:11:07.739843,0.938,1.0,0.0,0.0,0.0,0.938
2021-10-11 11:11:07.807462,0.938,1.0,0.0,0.0,0.0,0.938
2021-10-11 11:11:07.930235,0.938,1.0,0.0,0.0,0.0,0.938
2021-10-11 11:11:08.091719,0.938,1.0,0.0,0.0,0.0,0.938
2021-10-11 11:11:08.271732,0.938,1.0,0.0,0.0,0.0,0.938
2021-10-11 11:11:08.373486,0.938,1.0,0.0,0.0,0.0,0.938
2021-10-11 11:11:08.496437,0.938,1.0,0.0,0.0,0.0,0.938
2021-10-11 11:11:08.637898,0.938,1.0,0.0,0.0,0.0,0.938
2021-10-11 11:11:08.739439,0.938,1.0,0.0,0.0,0.0,0.938
2021-10-11 11:11:08.823264,0.938,1.0,0.0,0.0,0.0,0.938
2021-10-11 11:11:08.949844,0.938,1.0,0.0,0.0,0.0,0.938
2021-10-11 11:11:09.169733,0.938,1.0,0.0,0.0,0.0,0.938
2021-10-11 11:11:09.250093,0.938,1.0,0.0,0.0,0.0,0.938
2021-10-11 11:11:09.410535,0.938,1.0,0.0,0.0,0.0,0.938
2021-10-11 11:11:09.509316,0.938,1.0,0.0,0.0,0.0,0.938
2021-10-11 11:11:09.647327,0.938,1.0,0.0,0.0,0.0,0.938
2021-10-11 11:11:09.740352,0.938,1.0,0.0,0.0,0.0,0.938
2021-10-11 11:11:09.847231,0.938,1.0,0.0,0.0,0.0,0.938
2021-10-11 11:11:10.020725,0.938,1.0,0.0,0.0,0.0,0.938
2021-10-11 11:11:10.125680,0.938,1.0,0.0,0.0,0.0,0.938
2021-10-11 11:11:10.270430,0.938,1.0,0.0,0.0,0.0,0.938
2021-10-11 11:11:10.367962,0.938,1.0,0.0,0.0,0.0,0.938
2021-10-11 11:11:10.513719,0.938,1.0,0.0,0.0,0.0,0.938
2021-10-11 11:11:10.603223,0.938,1.0,0.0,0.0,0.0,0.938
2021-10-11 11:11:10.716408,0.938,1.0,0.0,0.0,0.0,0.938
2021-10-11 11:11:10.848444,0.938,1.0,0.0,0.0,0.0,0.938
2021-10-11 11:11:11.011704,0.938,1.0,0.0,0.0,0.0,0.938
2021-10-11 11:11:11.134901,0.938,1.0,0.0,0.0,0.0,0.938
2021-10-11 11:11:11.267335,0.938,1.0,0.0,0.0,0.0,0.938
2021-10-11 11:11:11.399384,0.938,1.0,0.0,0.0,0.0,0.938
2021-10-11 11:11:11.480089,0.938,1.0,0.0,0.0,0.0,0.938
2021-10-11 11:11:11.649825,0.938,1.0,0.0,0.0,0.0,0.938
2021-10-11 11:11:11.707311,0.938,1.0,0.0,0.0,0.0,0.938
2021-10-11 11:11:11.908342,0.938,1.0,0.0,0.0,0.0,0.938
2021-10-11 11:11:12.036128,0.938,1.0,0.0,0.0,0.0,0.938
2021-10-11 11:11:12.135758,0.938,1.0,0.0,0.0,0.0,0.938
2021-10-11 11:11:12.287977,0.938,1.0,0.0,0.0,0.0,0.938
2021-10-11 11:11:12.377029,0.938,1.0,0.0,0.0,0.0,0.938
2021-10-11 11:11:12.505732,0.938,1.0,0.0,0.0,0.0,0.938
2021-10-11 11:11:12.565548,0.938,1.0,0.0,0.0,0.0,0.938
2021-10-11 11:11:12.758980,0.938,1.0,0.0,0.0,0.0,0.938
2021-10-11 11:11:12.844091,0.938,1.0,0.0,0.0,0.0,0.938
2021-10-11 11:11:12.977273,0.938,1.0,0.0,0.0,0.0,0.938
2021-10-11 11:11:13.165473,0.938,1.0,0.0,0.0,0.0,0.938
2021-10-11 11:11:13.243792,0.938,1.0,0.0,0.0,0.0,0.938
2021-10-11 11:11:13.383708,0.938,1.0,0.0,0.0,0.0,0.938
2021-10-11 11:11:13.532193,0.938,1.0,0.0,0.0,0.0,0.938
2021-10-11 11:11:13.618350,0.938,1.0,0.0,0.0,0.0,0.938
2021-10-11 11:11:13.711242,0.938,1.0,0.0,0.0,0.0,0.938
2021-10-11 11:11:13.878536,0.938,1.0,0.0,0.0,0.0,0.938
2021-10-11 11:11:14.014843,0.938,1.0,0.0,0.0,0.0,0.938
2021-10-11 11:11:14.114394,0.938,1.0,0.0,0.0,0.0,0.938
2021-10-11 11:11:14.279580,0.938,1.0,0.0,0.0,0.0,0.938
2021-10-11 11:11:14.406499,0.938,1.0,0.0,0.0,0.0,0.938
2021-10-11 11:11:14.504612,0.938,1.0,0.0,0.0,0.0,0.938
2021-10-11 11:11:14.636397,0.938,1.0,0.0,0.0,0.0,0.938
2021-10-11 11:11:14.754034,0.938,1.0,0.0,0.0,0.0,0.938
2021-10-11 11:11:14.808082,0.938,1.0,0.0,0.0,0.0,0.938
2021-10-11 11:11:15.013542,0.938,1.0,0.0,0.0,0.0,0.938
2021-10-11 11:11:15.160969,0.938,1.0,0.0,0.0,0.0,0.938
2021-10-11 11:11:15.240520,0.938,1.0,0.0,0.0,0.0,0.938
2021-10-11 11:11:15.375874,0.938,1.0,0.0,0.0,0.0,0.938
2021-10-11 11:11:15.472057,0.938,1.0,0.0,0.0,0.0,0.938
2021-10-11 11:11:15.547951,0.938,1.0,0.0,0.0,0.0,0.938
2021-10-11 11:11:15.723070,0.938,1.0,0.0,0.0,0.0,0.938
2021-10-11 11:11:15.852077,0.938,1.0,0.0,0.0,0.0,0.938
2021-10-11 11:11:15.970005,0.938,1.0,0.0,0.0,0.0,0.938
2021-10-11 11:11:16.138050,0.938,1.0,0.0,0.0,0.0,0.938
2021-10-11 11:11:16.292805,0.938,1.0,0.0,0.0,0.0,0.938
2021-10-11 11:11:16.375928,0.938,1.0,0.0,0.0,0.0,0.938
2021-10-11 11:11:16.472145,0.938,1.0,0.0,0.0,0.0,0.938
2021-10-11 11:11:16.694940,0.938,1.0,0.0,0.0,0.0,0.938
2021-10-11 11:11:16.779375,0.938,1.0,0.0,0.0,0.0,0.938
2021-10-11 11:11:16.872544,0.938,1.0,0.0,0.0,0.0,0.938
2021-10-11 11:11:17.000195,0.938,1.0,0.0,0.0,0.0,0.938
2021-10-11 11:11:17.168280,0.938,1.0,0.0,0.0,0.0,0.938
2021-10-11 11:11:17.260612,0.938,1.0,0.0,0.0,0.0,0.938
2021-10-11 11:11:17.342610,0.938,1.0,0.0,0.0,0.0,0.938
2021-10-11 11:11:17.523889,0.938,1.0,0.0,0.0,0.0,0.938
2021-10-11 11:11:17.660223,0.938,1.0,0.0,0.0,0.0,0.938
2021-10-11 11:11:17.778645,0.938,1.0,0.0,0.0,0.0,0.938
2021-10-11 11:11:17.870920,0.938,1.0,0.0,0.0,0.0,0.938
2021-10-11 11:11:18.024058,0.938,1.0,0.0,0.0,0.0,0.938
2021-10-11 11:11:18.138782,0.938,1.0,0.0,0.0,0.0,0.938
2021-10-11 11:11:18.283174,0.938,1.0,0.0,0.0,0.0,0.938
2021-10-11 11:11:18.341009,0.938,1.0,0.0,0.0,0.0,0.938
2021-10-11 11:11:18.509363,0.938,1.0,0.0,0.0,0.0,0.938
2021-10-11 11:11:18.636228,0.938,1.0,0.0,0.0,0.0,0.938
2021-10-11 11:11:18.800846,0.938,1.0,0.0,0.0,0.0,0.938
2021-10-11 11:11:18.918204,0.938,1.0,0.0,0.0,0.0,0.938
2021-10-11 11:11:18.998442,0.938,1.0,0.0,0.0,0.0,0.938
2021-10-11 11:11:19.140280,0.938,1.0,0.0,0.0,0.0,0.938
2021-10-11 11:11:19.227341,0.938,1.0,0.0,0.0,0.0,0.938
2021-10-11 11:11:19.377054,0.938,1.0,0.0,0.0,0.0,0.938
2021-10-11 11:11:19.520750,0.938,1.0,0.0,0.0,0.0,0.938
2021-10-11 11:11:19.656042,0.938,1.0,0.0,0.0,0.0,0.938
2021-10-11 11:11:19.766648,0.938,1.0,0.0,0.0,0.0,0.938
2021-10-11 11:11:19.875491,0.938,1.0,0.0,0.0,0.0,0.938
2021-10-11 11:11:20.026742,0.938,1.0,0.0,0.0,0.0,0.938
2021-10-11 11:11:20.113912,0.938,1.0,0.0,0.0,0.0,0.938
2021-10-11 11:11:20.265973,0.938,1.0,0.0,0.0,0.0,0.938
2021-10-11 11:11:20.416558,0.938,1.0,0.0,0.0,0.0,0.938
2021-10-11 11:11:20.519427,0.938,1.0,0.0,0.0,0.0,0.938
2021-10-11 11:11:20.658568,0.938,1.0,0.0,0.0,0.0,0.938
2021-10-11 11:11:20.794765,0.938,1.0,0.0,0.0,0.0,0.938
2021-10-11 11:11:20.863544,0.938,1.0,0.0,0.0,0.0,0.938
2021-10-11 11:11:21.005440,0.938,1.0,0.0,0.0,0.0,0.938
2021-10-11 11:11:21.137247,0.938,1.0,0.0,0.0,0.0,0.938
2021-10-11 11:11:21.358748,0.938,1.0,0.0,0.0,0.0,0.938
2021-10-11 11:11:21.539859,0.938,1.0,0.0,0.0,0.0,0.938
2021-10-11 11:11:21.667142,0.938,1.0,0.0,0.0,0.0,0.938
2021-10-11 11:11:21.755086,0.938,1.0,0.0,0.0,0.0,0.938
2021-10-11 11:11:21.868963,0.938,1.0,0.0,0.0,0.0,0.938
2021-10-11 11:11:21.998708,0.938,1.0,0.0,0.0,0.0,0.938
2021-10-11 11:11:22.133414,0.938,1.0,0.0,0.0,0.0,0.938
2021-10-11 11:11:22.178810,0.938,1.0,0.0,0.0,0.0,0.938
2021-10-11 11:11:22.325750,0.938,1.0,0.0,0.0,0.0,0.938
2021-10-11 11:11:22.461769,0.938,1.0,0.0,0.0,0.0,0.938
2021-10-11 11:11:22.668454,0.938,1.0,0.0,0.0,0.0,0.938
2021-10-11 11:11:22.709803,0.938,1.0,0.0,0.0,0.0,0.938
2021-10-11 11:11:22.832276,0.938,1.0,0.0,0.0,0.0,0.938
2021-10-11 11:11:22.980035,0.938,1.0,0.0,0.0,0.0,0.938
2021-10-11 11:11:23.119152,0.938,1.0,0.0,0.0,0.0,0.938
2021-10-11 11:11:23.174760,0.938,1.0,0.0,0.0,0.0,0.938
2021-10-11 11:11:23.331916,0.938,1.0,0.0,0.0,0.0,0.938
2021-10-11 11:11:23.498832,0.938,1.0,0.0,0.0,0.0,0.938
2021-10-11 11:11:23.637752,0.938,1.0,0.0,0.0,0.0,0.938
2021-10-11 11:11:23.771668,0.938,1.0,0.0,0.0,0.0,0.938
2021-10-11 11:11:23.905660,0.938,1.0,0.0,0.0,0.0,0.938
2021-10-11 11:11:24.005480,0.938,1.0,0.0,0.0,0.0,0.938
2021-10-11 11:11:24.069498,0.938,1.0,0.0,0.0,0.0,0.938
2021-10-11 11:11:24.217789,0.938,1.0,0.0,0.0,0.0,0.938
2021-10-11 11:11:24.407622,0.938,1.0,0.0,0.0,0.0,0.938
2021-10-11 11:11:24.533721,0.938,1.0,0.0,0.0,0.0,0.938
2021-10-11 11:11:24.640710,0.938,1.0,0.0,0.0,0.0,0.938
2021-10-11 11:11:24.759131,0.938,1.0,0.0,0.0,0.0,0.938
2021-10-11 11:11:24.864050,0.938,1.0,0.0,0.0,0.0,0.938
2021-10-11 11:11:24.968729,0.938,1.0,0.0,0.0,0.0,0.938
2021-10-11 11:11:25.109720,0.938,1.0,0.0,0.0,0.0,0.938
2021-10-11 11:11:25.205097,0.938,1.0,0.0,0.0,0.0,0.938
2021-10-11 11:11:25.402264,0.938,1.0,0.0,0.0,0.0,0.938
2021-10-11 11:11:25.513499,0.938,1.0,0.0,0.0,0.0,0.938
2021-10-11 11:11:25.638956,0.938,1.0,0.0,0.0,0.0,0.938
2021-10-11 11:11:25.696763,0.938,1.0,0.0,0.0,0.0,0.938
2021-10-11 11:11:25.829905,0.938,1.0,0.0,0.0,0.0,0.938
2021-10-11 11:11:26.005876,0.938,1.0,0.0,0.0,0.0,0.938
2021-10-11 11:11:26.113745,0.938,1.0,0.0,0.0,0.0,0.938
2021-10-11 11:11:26.198297,0.938,1.0,0.0,0.0,0.0,0.938
2021-10-11 11:11:26.375648,0.938,1.0,0.0,0.0,0.0,0.938
2021-10-11 11:11:26.491601,0.938,1.0,0.0,0.0,0.0,0.938
2021-10-11 11:11:26.633882,0.938,1.0,0.0,0.0,0.0,0.938
2021-10-11 11:11:26.797907,0.938,1.0,0.0,0.0,0.0,0.938
2021-10-11 11:11:26.893954,0.938,1.0,0.0,0.0,0.0,0.938
2021-10-11 11:11:27.001794,0.938,1.0,0.0,0.0,0.0,0.938
2021-10-11 11:11:27.126015,0.938,1.0,0.0,0.0,0.0,0.938
2021-10-11 11:11:27.252882,0.938,1.0,0.0,0.0,0.0,0.938
2021-10-11 11:11:27.349755,0.938,1.0,0.0,0.0,0.0,0.938
2021-10-11 11:11:27.435820,0.938,1.0,0.0,0.0,0.0,0.938
2021-10-11 11:11:27.632653,0.938,1.0,0.0,0.0,0.0,0.938
2021-10-11 11:11:27.725974,0.938,1.0,0.0,0.0,0.0,0.938
2021-10-11 11:11:27.880310,0.938,1.0,0.0,0.0,0.0,0.938
2021-10-11 11:11:28.030159,0.938,1.0,0.0,0.0,0.0,0.938
2021-10-11 11:11:28.133562,0.938,1.0,0.0,0.0,0.0,0.938
2021-10-11 11:11:28.245809,0.938,1.0,0.0,0.0,0.0,0.938
2021-10-11 11:11:28.376406,0.938,1.0,0.0,0.0,0.0,0.938
2021-10-11 11:11:28.496981,0.938,1.0,0.0,0.0,0.0,0.938
2021-10-11 11:11:28.635693,0.938,1.0,0.0,0.0,0.0,0.938
2021-10-11 11:11:28.727194,0.938,1.0,0.0,0.0,0.0,0.938
2021-10-11 11:11:28.844235,0.938,1.0,0.0,0.0,0.0,0.938
2021-10-11 11:11:28.987582,0.938,1.0,0.0,0.0,0.0,0.938
2021-10-11 11:11:29.077932,0.938,1.0,0.0,0.0,0.0,0.938
2021-10-11 11:11:29.249078,0.938,1.0,0.0,0.0,0.0,0.938
2021-10-11 11:11:29.383769,0.938,1.0,0.0,0.0,0.0,0.938
2021-10-11 11:11:29.525641,0.938,1.0,0.0,0.0,0.0,0.938
2021-10-11 11:11:29.664732,0.938,1.0,0.0,0.0,0.0,0.938
2021-10-11 11:11:29.769554,0.938,1.0,0.0,0.0,0.0,0.938
2021-10-11 11:11:29.902266,0.938,1.0,0.0,0.0,0.0,0.938
2021-10-11 11:11:30.000468,0.938,1.0,0.0,0.0,0.0,0.938
2021-10-11 11:11:30.109007,0.938,1.0,0.0,0.0,0.0,0.938
2021-10-11 11:11:30.235511,0.938,1.0,0.0,0.0,0.0,0.938
2021-10-11 11:11:30.357147,0.938,1.0,0.0,0.0,0.0,0.938
2021-10-11 11:11:30.531061,0.938,1.0,0.0,0.0,0.0,0.938
2021-10-11 11:11:30.662992,0.938,1.0,0.0,0.0,0.0,0.938
2021-10-11 11:11:30.733326,0.938,1.0,0.0,0.0,0.0,0.938
2021-10-11 11:11:30.901893,0.938,1.0,0.0,0.0,0.0,0.938
2021-10-11 11:11:31.001599,0.938,1.0,0.0,0.0,0.0,0.938
2021-10-11 11:11:31.093134,0.938,1.0,0.0,0.0,0.0,0.938
2021-10-11 11:11:31.252610,0.938,1.0,0.0,0.0,0.0,0.938
2021-10-11 11:11:31.383542,0.938,1.0,0.0,0.0,0.0,0.938
2021-10-11 11:11:31.496507,0.938,1.0,0.0,0.0,0.0,0.938
2021-10-11 11:11:31.667099,0.938,1.0,0.0,0.0,0.0,0.938
2021-10-11 11:11:31.748137,0.938,1.0,0.0,0.0,0.0,0.938
2021-10-11 11:11:31.868794,0.938,1.0,0.0,0.0,0.0,0.938
2021-10-11 11:11:31.997749,0.938,1.0,0.0,0.0,0.0,0.938
2021-10-11 11:11:32.069643,0.938,1.0,0.0,0.0,0.0,0.938
2021-10-11 11:11:32.176068,0.938,1.0,0.0,0.0,0.0,0.938
2021-10-11 11:11:32.360786,0.938,1.0,0.0,0.0,0.0,0.938
2021-10-11 11:11:32.499295,0.938,1.0,0.0,0.0,0.0,0.938
2021-10-11 11:11:32.626209,0.938,1.0,0.0,0.0,0.0,0.938
2021-10-11 11:11:32.782876,0.938,1.0,0.0,0.0,0.0,0.938
2021-10-11 11:11:32.870403,0.938,1.0,0.0,0.0,0.0,0.938
2021-10-11 11:11:32.963353,0.938,1.0,0.0,0.0,0.0,0.938
2021-10-11 11:11:33.089441,0.938,1.0,0.0,0.0,0.0,0.938
2021-10-11 11:11:33.165252,0.938,1.0,0.0,0.0,0.0,0.938
2021-10-11 11:11:33.342204,0.938,1.0,0.0,0.0,0.0,0.938
2021-10-11 11:11:33.521273,0.938,1.0,0.0,0.0,0.0,0.938
2021-10-11 11:11:33.661278,0.938,1.0,0.0,0.0,0.0,0.938
2021-10-11 11:11:33.771712,0.938,1.0,0.0,0.0,0.0,0.938
2021-10-11 11:11:33.883856,0.938,1.0,0.0,0.0,0.0,0.938
2021-10-11 11:11:33.969017,0.938,1.0,0.0,0.0,0.0,0.938
2021-10-11 11:11:34.129126,0.938,1.0,0.0,0.0,0.0,0.938
2021-10-11 11:11:34.258089,0.938,1.0,0.0,0.0,0.0,0.938
2021-10-11 11:11:34.410299,0.938,1.0,0.0,0.0,0.0,0.938
2021-10-11 11:11:34.491507,0.938,1.0,0.0,0.0,0.0,0.938
2021-10-11 11:11:34.622228,0.938,1.0,0.0,0.0,0.0,0.938
2021-10-11 11:11:34.732816,0.938,1.0,0.0,0.0,0.0,0.938
2021-10-11 11:11:34.864436,0.938,1.0,0.0,0.0,0.0,0.938
2021-10-11 11:11:34.978487,0.938,1.0,0.0,0.0,0.0,0.938
2021-10-11 11:11:35.158320,0.938,1.0,0.0,0.0,0.0,0.938
2021-10-11 11:11:35.289174,0.938,1.0,0.0,0.0,0.0,0.938
2021-10-11 11:11:35.385423,0.938,1.0,0.0,0.0,0.0,0.938
2021-10-11 11:11:35.501189,0.938,1.0,0.0,0.0,0.0,0.938
2021-10-11 11:11:35.657724,0.938,1.0,0.0,0.0,0.0,0.938
2021-10-11 11:11:35.790995,0.938,1.0,0.0,0.0,0.0,0.938
2021-10-11 11:11:35.887429,0.938,1.0,0.0,0.0,0.0,0.938
2021-10-11 11:11:35.930636,0.938,1.0,0.0,0.0,0.0,0.938
2021-10-11 11:11:36.120145,0.938,1.0,0.0,0.0,0.0,0.938
2021-10-11 11:11:36.230629,0.938,1.0,0.0,0.0,0.0,0.938
2021-10-11 11:11:36.373993,0.938,1.0,0.0,0.0,0.0,0.938
2021-10-11 11:11:36.511261,0.938,1.0,0.0,0.0,0.0,0.938
2021-10-11 11:11:36.631550,0.938,1.0,0.0,0.0,0.0,0.938
2021-10-11 11:11:36.771748,0.938,1.0,0.0,0.0,0.0,0.938
2021-10-11 11:11:36.862941,0.938,1.0,0.0,0.0,0.0,0.938
2021-10-11 11:11:36.971573,0.938,1.0,0.0,0.0,0.0,0.938
2021-10-11 11:11:37.107391,0.938,1.0,0.0,0.0,0.0,0.938
2021-10-11 11:11:37.293534,0.938,1.0,0.0,0.0,0.0,0.938
2021-10-11 11:11:37.391472,0.938,1.0,0.0,0.0,0.0,0.938
2021-10-11 11:11:37.473869,0.938,1.0,0.0,0.0,0.0,0.938
2021-10-11 11:11:37.616372,0.938,1.0,0.0,0.0,0.0,0.938
2021-10-11 11:11:37.696023,0.938,1.0,0.0,0.0,0.0,0.938
2021-10-11 11:11:37.824252,0.938,1.0,0.0,0.0,0.0,0.938
2021-10-11 11:11:37.893361,0.938,1.0,0.0,0.0,0.0,0.938
2021-10-11 11:11:37.978198,0.938,1.0,0.0,0.0,0.0,0.938
2021-10-11 11:11:38.183700,0.938,1.0,0.0,0.0,0.0,0.938
2021-10-11 11:11:38.349491,0.938,1.0,0.0,0.0,0.0,0.938
2021-10-11 11:11:38.495079,0.938,1.0,0.0,0.0,0.0,0.938
2021-10-11 11:11:38.598544,0.938,1.0,0.0,0.0,0.0,0.938
2021-10-11 11:11:38.754959,0.938,1.0,0.0,0.0,0.0,0.938
2021-10-11 11:11:38.898251,0.938,1.0,0.0,0.0,0.0,0.938
2021-10-11 11:11:39.011334,0.938,1.0,0.0,0.0,0.0,0.938
2021-10-11 11:11:39.136048,0.938,1.0,0.0,0.0,0.0,0.938
2021-10-11 11:11:39.241734,0.938,1.0,0.0,0.0,0.0,0.938
2021-10-11 11:11:39.325233,0.938,1.0,0.0,0.0,0.0,0.938
2021-10-11 11:11:39.460913,0.938,1.0,0.0,0.0,0.0,0.938
2021-10-11 11:11:39.596026,0.938,1.0,0.0,0.0,0.0,0.938
2021-10-11 11:11:39.724450,0.938,1.0,0.0,0.0,0.0,0.938
2021-10-11 11:11:39.897184,0.938,1.0,0.0,0.0,0.0,0.938
2021-10-11 11:11:39.994201,0.938,1.0,0.0,0.0,0.0,0.938
2021-10-11 11:11:40.127638,0.938,1.0,0.0,0.0,0.0,0.938
2021-10-11 11:11:40.255330,0.938,1.0,0.0,0.0,0.0,0.938
2021-10-11 11:11:40.422622,0.938,1.0,0.0,0.0,0.0,0.938
2021-10-11 11:11:40.525425,0.938,1.0,0.0,0.0,0.0,0.938
2021-10-11 11:11:40.664971,0.938,1.0,0.0,0.0,0.0,0.938
2021-10-11 11:11:40.750180,0.938,1.0,0.0,0.0,0.0,0.938
2021-10-11 11:11:40.894099,0.938,1.0,0.0,0.0,0.0,0.938
2021-10-11 11:11:40.989646,0.938,1.0,0.0,0.0,0.0,0.938
2021-10-11 11:11:41.055149,0.938,1.0,0.0,0.0,0.0,0.938
2021-10-11 11:11:41.122966,0.938,1.0,0.0,0.0,0.0,0.938
2021-10-11 11:11:41.374152,0.938,1.0,0.0,0.0,0.0,0.938
2021-10-11 11:11:41.538605,0.938,1.0,0.0,0.0,0.0,0.938
2021-10-11 11:11:41.628354,0.938,1.0,0.0,0.0,0.0,0.938
2021-10-11 11:11:41.749470,0.938,1.0,0.0,0.0,0.0,0.938
2021-10-11 11:11:41.870428,0.938,1.0,0.0,0.0,0.0,0.938
2021-10-11 11:11:41.941818,0.938,1.0,0.0,0.0,0.0,0.938
2021-10-11 11:11:42.134475,0.938,1.0,0.0,0.0,0.0,0.938
2021-10-11 11:11:42.290788,0.938,1.0,0.0,0.0,0.0,0.938
2021-10-11 11:11:42.354964,0.938,1.0,0.0,0.0,0.0,0.938
2021-10-11 11:11:42.535603,0.938,1.0,0.0,0.0,0.0,0.938
2021-10-11 11:11:42.660302,0.938,1.0,0.0,0.0,0.0,0.938
2021-10-11 11:11:42.755642,0.938,1.0,0.0,0.0,0.0,0.938
2021-10-11 11:11:42.892200,0.938,1.0,0.0,0.0,0.0,0.938
2021-10-11 11:11:42.989870,0.938,1.0,0.0,0.0,0.0,0.938
2021-10-11 11:11:43.119360,0.938,1.0,0.0,0.0,0.0,0.938
2021-10-11 11:11:43.221885,0.938,1.0,0.0,0.0,0.0,0.938
2021-10-11 11:11:43.373153,0.938,1.0,0.0,0.0,0.0,0.938
2021-10-11 11:11:43.489644,0.938,1.0,0.0,0.0,0.0,0.938
2021-10-11 11:11:43.624628,0.938,1.0,0.0,0.0,0.0,0.938
2021-10-11 11:11:43.720366,0.938,1.0,0.0,0.0,0.0,0.938
2021-10-11 11:11:43.836325,0.938,1.0,0.0,0.0,0.0,0.938
2021-10-11 11:11:43.998657,0.938,1.0,0.0,0.0,0.0,0.938
2021-10-11 11:11:44.062245,0.938,1.0,0.0,0.0,0.0,0.938
2021-10-11 11:11:44.199707,0.938,1.0,0.0,0.0,0.0,0.938
2021-10-11 11:11:44.280392,0.938,1.0,0.0,0.0,0.0,0.938
2021-10-11 11:11:44.485389,0.938,1.0,0.0,0.0,0.0,0.938
2021-10-11 11:11:44.665557,0.938,1.0,0.0,0.0,0.0,0.938
2021-10-11 11:11:44.758046,0.938,1.0,0.0,0.0,0.0,0.938
2021-10-11 11:11:44.894242,0.938,1.0,0.0,0.0,0.0,0.938
2021-10-11 11:11:45.017207,0.938,1.0,0.0,0.0,0.0,0.938
2021-10-11 11:11:45.140984,0.938,1.0,0.0,0.0,0.0,0.938
2021-10-11 11:11:45.268906,0.938,1.0,0.0,0.0,0.0,0.938
2021-10-11 11:11:45.386033,0.938,1.0,0.0,0.0,0.0,0.938
2021-10-11 11:11:45.425264,0.938,1.0,0.0,0.0,0.0,0.938
2021-10-11 11:11:45.579580,0.938,1.0,0.0,0.0,0.0,0.938
2021-10-11 11:11:45.758701,0.938,1.0,0.0,0.0,0.0,0.938
2021-10-11 11:11:45.825450,0.938,1.0,0.0,0.0,0.0,0.938
2021-10-11 11:11:45.977281,0.938,1.0,0.0,0.0,0.0,0.938
2021-10-11 11:11:46.174074,0.938,1.0,0.0,0.0,0.0,0.938
2021-10-11 11:11:46.256011,0.938,1.0,0.0,0.0,0.0,0.938
2021-10-11 11:11:46.381895,0.938,1.0,0.0,0.0,0.0,0.938
2021-10-11 11:11:46.516274,0.938,1.0,0.0,0.0,0.0,0.938
2021-10-11 11:11:46.655512,0.938,1.0,0.0,0.0,0.0,0.938
2021-10-11 11:11:46.744929,0.938,1.0,0.0,0.0,0.0,0.938
2021-10-11 11:11:46.917788,0.938,1.0,0.0,0.0,0.0,0.938
2021-10-11 11:12:22.304912,0.938,1.0,0.0,0.0,0.0,0.938
2021-10-11 11:12:22.372778,0.938,1.0,0.0,0.0,0.0,0.938
2021-10-11 11:12:22.506522,0.938,1.0,0.0,0.0,0.0,0.938
2021-10-11 11:12:22.669024,0.938,1.0,0.0,0.0,0.0,0.938
2021-10-11 11:12:22.711918,0.938,1.0,0.0,0.0,0.0,0.938
2021-10-11 11:12:22.897765,0.938,1.0,0.0,0.0,0.0,0.938
2021-10-11 11:12:22.989331,0.938,1.0,0.0,0.0,0.0,0.938
2021-10-11 11:12:23.125574,0.938,1.0,0.0,0.0,0.0,0.938
2021-10-11 11:12:23.271272,0.938,1.0,0.0,0.0,0.0,0.938
2021-10-11 11:12:23.399409,0.938,1.0,0.0,0.0,0.0,0.938
2021-10-11 11:12:23.502701,0.938,1.0,0.0,0.0,0.0,0.938
2021-10-11 11:12:23.648108,0.938,1.0,0.0,0.0,0.0,0.938
2021-10-11 11:12:23.750101,0.938,1.0,0.0,0.0,0.0,0.938
2021-10-11 11:12:23.893455,0.938,1.0,0.0,0.0,0.0,0.938
2021-10-11 11:12:24.037915,0.938,1.0,0.0,0.0,0.0,0.938
2021-10-11 11:12:24.131503,0.938,1.0,0.0,0.0,0.0,0.938
2021-10-11 11:12:24.265018,0.938,1.0,0.0,0.0,0.0,0.938
2021-10-11 11:12:24.398540,0.938,1.0,0.0,0.0,0.0,0.938
2021-10-11 11:12:24.508212,0.938,1.0,0.0,0.0,0.0,0.938
2021-10-11 11:12:24.614838,0.938,1.0,0.0,0.0,0.0,0.938
2021-10-11 11:12:24.730658,0.938,1.0,0.0,0.0,0.0,0.938
2021-10-11 11:12:24.836118,0.938,1.0,0.0,0.0,0.0,0.938
2021-10-11 11:12:25.037044,0.938,1.0,0.0,0.0,0.0,0.938
2021-10-11 11:12:25.144712,0.938,1.0,0.0,0.0,0.0,0.938
2021-10-11 11:12:25.277736,0.938,1.0,0.0,0.0,0.0,0.938
2021-10-11 11:12:25.394375,0.938,1.0,0.0,0.0,0.0,0.938
2021-10-11 11:12:25.532170,0.938,1.0,0.0,0.0,0.0,0.938
2021-10-11 11:12:25.639513,0.938,1.0,0.0,0.0,0.0,0.938
2021-10-11 11:12:25.777804,0.938,1.0,0.0,0.0,0.0,0.938
2021-10-11 11:12:25.903394,0.938,1.0,0.0,0.0,0.0,0.938
2021-10-11 11:12:26.010529,0.938,1.0,0.0,0.0,0.0,0.938
2021-10-11 11:12:26.128905,0.938,1.0,0.0,0.0,0.0,0.938
2021-10-11 11:12:26.272919,0.938,1.0,0.0,0.0,0.0,0.938
2021-10-11 11:12:26.375017,0.938,1.0,0.0,0.0,0.0,0.938
2021-10-11 11:12:26.507416,0.938,1.0,0.0,0.0,0.0,0.938
2021-10-11 11:12:26.608012,0.938,1.0,0.0,0.0,0.0,0.938
2021-10-11 11:12:26.761959,0.938,1.0,0.0,0.0,0.0,0.938
2021-10-11 11:12:26.813899,0.938,1.0,0.0,0.0,0.0,0.938
2021-10-11 11:12:26.903581,0.938,1.0,0.0,0.0,0.0,0.938
2021-10-11 11:12:27.064245,0.938,1.0,0.0,0.0,0.0,0.938
2021-10-11 11:12:27.262605,0.938,1.0,0.0,0.0,0.0,0.938
2021-10-11 11:12:27.421777,0.938,1.0,0.0,0.0,0.0,0.938
2021-10-11 11:12:27.501384,0.938,1.0,0.0,0.0,0.0,0.938
2021-10-11 11:12:27.631404,0.938,1.0,0.0,0.0,0.0,0.938
2021-10-11 11:12:27.764800,0.938,1.0,0.0,0.0,0.0,0.938
2021-10-11 11:12:27.871785,0.938,1.0,0.0,0.0,0.0,0.938
2021-10-11 11:12:28.001616,0.938,1.0,0.0,0.0,0.0,0.938
2021-10-11 11:12:28.146963,0.938,1.0,0.0,0.0,0.0,0.938
2021-10-11 11:12:28.203172,0.938,1.0,0.0,0.0,0.0,0.938
2021-10-11 11:12:28.341819,0.938,1.0,0.0,0.0,0.0,0.938
2021-10-11 11:12:28.511202,0.938,1.0,0.0,0.0,0.0,0.938
2021-10-11 11:12:28.656706,0.938,1.0,0.0,0.0,0.0,0.938
2021-10-11 11:12:28.768556,0.938,1.0,0.0,0.0,0.0,0.938
2021-10-11 11:12:28.907578,0.938,1.0,0.0,0.0,0.0,0.938
2021-10-11 11:12:29.024789,0.938,1.0,0.0,0.0,0.0,0.938
2021-10-11 11:12:29.124748,0.938,1.0,0.0,0.0,0.0,0.938
2021-10-11 11:12:29.242065,0.938,1.0,0.0,0.0,0.0,0.938
2021-10-11 11:12:29.427353,0.938,1.0,0.0,0.0,0.0,0.938
2021-10-11 11:12:29.499605,0.938,1.0,0.0,0.0,0.0,0.938
2021-10-11 11:12:29.636994,0.938,1.0,0.0,0.0,0.0,0.938
2021-10-11 11:12:29.775180,0.938,1.0,0.0,0.0,0.0,0.938
2021-10-11 11:12:29.869710,0.938,1.0,0.0,0.0,0.0,0.938
2021-10-11 11:12:29.992548,0.938,1.0,0.0,0.0,0.0,0.938
2021-10-11 11:12:30.127296,0.938,1.0,0.0,0.0,0.0,0.938
2021-10-11 11:12:30.230598,0.938,1.0,0.0,0.0,0.0,0.938
2021-10-11 11:12:30.394680,0.938,1.0,0.0,0.0,0.0,0.938
2021-10-11 11:12:30.524004,0.938,1.0,0.0,0.0,0.0,0.938
2021-10-11 11:12:30.639249,0.938,1.0,0.0,0.0,0.0,0.938
2021-10-11 11:12:30.762861,0.938,1.0,0.0,0.0,0.0,0.938
2021-10-11 11:12:30.868672,0.938,1.0,0.0,0.0,0.0,0.938
2021-10-11 11:12:31.003096,0.938,1.0,0.0,0.0,0.0,0.938
2021-10-11 11:12:31.166402,0.938,1.0,0.0,0.0,0.0,0.938
2021-10-11 11:12:31.207422,0.938,1.0,0.0,0.0,0.0,0.938
2021-10-11 11:12:31.357073,0.938,1.0,0.0,0.0,0.0,0.938
2021-10-11 11:12:31.529771,0.938,1.0,0.0,0.0,0.0,0.938
2021-10-11 11:12:31.657050,0.938,1.0,0.0,0.0,0.0,0.938
2021-10-11 11:12:31.728737,0.938,1.0,0.0,0.0,0.0,0.938
2021-10-11 11:12:31.858315,0.938,1.0,0.0,0.0,0.0,0.938
2021-10-11 11:12:31.991980,0.938,1.0,0.0,0.0,0.0,0.938
2021-10-11 11:12:32.162321,0.938,1.0,0.0,0.0,0.0,0.938
2021-10-11 11:12:32.259556,0.938,1.0,0.0,0.0,0.0,0.938
2021-10-11 11:12:32.338150,0.938,1.0,0.0,0.0,0.0,0.938
2021-10-11 11:12:32.475784,0.938,1.0,0.0,0.0,0.0,0.938
2021-10-11 11:12:32.618512,0.938,1.0,0.0,0.0,0.0,0.938
2021-10-11 11:12:32.706969,0.938,1.0,0.0,0.0,0.0,0.938
2021-10-11 11:12:32.866942,0.938,1.0,0.0,0.0,0.0,0.938
2021-10-11 11:12:33.007153,0.938,1.0,0.0,0.0,0.0,0.938
2021-10-11 11:12:33.100645,0.938,1.0,0.0,0.0,0.0,0.938
2021-10-11 11:12:33.266539,0.938,1.0,0.0,0.0,0.0,0.938
2021-10-11 11:12:33.373326,0.938,1.0,0.0,0.0,0.0,0.938
2021-10-11 11:12:33.519345,0.938,1.0,0.0,0.0,0.0,0.938
2021-10-11 11:12:33.631212,0.938,1.0,0.0,0.0,0.0,0.938
2021-10-11 11:12:33.763036,0.938,1.0,0.0,0.0,0.0,0.938
2021-10-11 11:12:33.901723,0.938,1.0,0.0,0.0,0.0,0.938
2021-10-11 11:12:34.030271,0.938,1.0,0.0,0.0,0.0,0.938
2021-10-11 11:12:34.129277,0.938,1.0,0.0,0.0,0.0,0.938
2021-10-11 11:12:34.276741,0.938,1.0,0.0,0.0,0.0,0.938
2021-10-11 11:12:34.365973,0.938,1.0,0.0,0.0,0.0,0.938
2021-10-11 11:12:34.473328,0.938,1.0,0.0,0.0,0.0,0.938
2021-10-11 11:12:34.664625,0.938,1.0,0.0,0.0,0.0,0.938
2021-10-11 11:12:34.789980,0.938,1.0,0.0,0.0,0.0,0.938
2021-10-11 11:12:34.896019,0.938,1.0,0.0,0.0,0.0,0.938
2021-10-11 11:12:34.990577,0.938,1.0,0.0,0.0,0.0,0.938
2021-10-11 11:12:35.131467,0.938,1.0,0.0,0.0,0.0,0.938
2021-10-11 11:12:35.228663,0.938,1.0,0.0,0.0,0.0,0.938
2021-10-11 11:12:35.391378,0.938,1.0,0.0,0.0,0.0,0.938
2021-10-11 11:12:35.490576,0.938,1.0,0.0,0.0,0.0,0.938
2021-10-11 11:12:35.598273,0.938,1.0,0.0,0.0,0.0,0.938
2021-10-11 11:12:35.761778,0.938,1.0,0.0,0.0,0.0,0.938
2021-10-11 11:12:35.809376,0.938,1.0,0.0,0.0,0.0,0.938
2021-10-11 11:12:35.967368,0.938,1.0,0.0,0.0,0.0,0.938
2021-10-11 11:12:36.183875,0.938,1.0,0.0,0.0,0.0,0.938
2021-10-11 11:12:36.291604,0.938,1.0,0.0,0.0,0.0,0.938
2021-10-11 11:12:36.362496,0.938,1.0,0.0,0.0,0.0,0.938
2021-10-11 11:12:36.519212,0.938,1.0,0.0,0.0,0.0,0.938
2021-10-11 11:12:36.627738,0.938,1.0,0.0,0.0,0.0,0.938
2021-10-11 11:12:36.793722,0.938,1.0,0.0,0.0,0.0,0.938
2021-10-11 11:12:36.890146,0.938,1.0,0.0,0.0,0.0,0.938
2021-10-11 11:12:37.030509,0.938,1.0,0.0,0.0,0.0,0.938
2021-10-11 11:12:37.165799,0.938,1.0,0.0,0.0,0.0,0.938
2021-10-11 11:12:37.259757,0.938,1.0,0.0,0.0,0.0,0.938
2021-10-11 11:12:37.400025,0.938,1.0,0.0,0.0,0.0,0.938
2021-10-11 11:12:37.500849,0.938,1.0,0.0,0.0,0.0,0.938
2021-10-11 11:12:37.632890,0.938,1.0,0.0,0.0,0.0,0.938
2021-10-11 11:12:37.770614,0.938,1.0,0.0,0.0,0.0,0.938
2021-10-11 11:12:37.897386,0.938,1.0,0.0,0.0,0.0,0.938
2021-10-11 11:12:38.010763,0.938,1.0,0.0,0.0,0.0,0.938
2021-10-11 11:12:38.130648,0.938,1.0,0.0,0.0,0.0,0.938
2021-10-11 11:12:38.283968,0.938,1.0,0.0,0.0,0.0,0.938
2021-10-11 11:12:38.404336,0.938,1.0,0.0,0.0,0.0,0.938
2021-10-11 11:12:38.495401,0.938,1.0,0.0,0.0,0.0,0.938
2021-10-11 11:12:38.631688,0.938,1.0,0.0,0.0,0.0,0.938
2021-10-11 11:12:38.730030,0.938,1.0,0.0,0.0,0.0,0.938
2021-10-11 11:12:38.840366,0.938,1.0,0.0,0.0,0.0,0.938
2021-10-11 11:12:38.942909,0.938,1.0,0.0,0.0,0.0,0.938
2021-10-11 11:12:39.135935,0.938,1.0,0.0,0.0,0.0,0.938
2021-10-11 11:12:39.257870,0.938,1.0,0.0,0.0,0.0,0.938
2021-10-11 11:12:39.390839,0.938,1.0,0.0,0.0,0.0,0.938
2021-10-11 11:12:39.537301,0.938,1.0,0.0,0.0,0.0,0.938
2021-10-11 11:12:39.668103,0.938,1.0,0.0,0.0,0.0,0.938
2021-10-11 11:12:39.768399,0.938,1.0,0.0,0.0,0.0,0.938
2021-10-11 11:12:39.905803,0.938,1.0,0.0,0.0,0.0,0.938
2021-10-11 11:12:40.005238,0.938,1.0,0.0,0.0,0.0,0.938
2021-10-11 11:12:40.137405,0.938,1.0,0.0,0.0,0.0,0.938
2021-10-11 11:12:40.282449,0.938,1.0,0.0,0.0,0.0,0.938
2021-10-11 11:12:40.367063,0.938,1.0,0.0,0.0,0.0,0.938
2021-10-11 11:12:40.533179,0.938,1.0,0.0,0.0,0.0,0.938
2021-10-11 11:12:40.623333,0.938,1.0,0.0,0.0,0.0,0.938
2021-10-11 11:12:40.707025,0.938,1.0,0.0,0.0,0.0,0.938
2021-10-11 11:12:40.850165,0.938,1.0,0.0,0.0,0.0,0.938
2021-10-11 11:12:40.992035,0.938,1.0,0.0,0.0,0.0,0.938
2021-10-11 11:12:41.107298,0.938,1.0,0.0,0.0,0.0,0.938
2021-10-11 11:12:41.169775,0.938,1.0,0.0,0.0,0.0,0.938
2021-10-11 11:12:41.362536,0.938,1.0,0.0,0.0,0.0,0.938
2021-10-11 11:12:41.528453,0.938,1.0,0.0,0.0,0.0,0.938
2021-10-11 11:12:41.630002,0.938,1.0,0.0,0.0,0.0,0.938
2021-10-11 11:12:41.725137,0.938,1.0,0.0,0.0,0.0,0.938
2021-10-11 11:12:41.773317,0.938,1.0,0.0,0.0,0.0,0.938
2021-10-11 11:12:41.937801,0.938,1.0,0.0,0.0,0.0,0.938
2021-10-11 11:12:42.095408,0.938,1.0,0.0,0.0,0.0,0.938
2021-10-11 11:12:42.210470,0.938,1.0,0.0,0.0,0.0,0.938
2021-10-11 11:12:42.368865,0.938,1.0,0.0,0.0,0.0,0.938
2021-10-11 11:12:42.525409,0.938,1.0,0.0,0.0,0.0,0.938
2021-10-11 11:12:42.623047,0.938,1.0,0.0,0.0,0.0,0.938
2021-10-11 11:12:42.761160,0.938,1.0,0.0,0.0,0.0,0.938
2021-10-11 11:12:42.918758,0.938,1.0,0.0,0.0,0.0,0.938
2021-10-11 11:12:42.996958,0.938,1.0,0.0,0.0,0.0,0.938
2021-10-11 11:12:43.125095,0.938,1.0,0.0,0.0,0.0,0.938
2021-10-11 11:12:43.226828,0.938,1.0,0.0,0.0,0.0,0.938
2021-10-11 11:12:43.353898,0.938,1.0,0.0,0.0,0.0,0.938
2021-10-11 11:12:43.503292,0.938,1.0,0.0,0.0,0.0,0.938
2021-10-11 11:12:43.677742,0.938,1.0,0.0,0.0,0.0,0.938
2021-10-11 11:12:43.759499,0.938,1.0,0.0,0.0,0.0,0.938
2021-10-11 11:12:43.890338,0.938,1.0,0.0,0.0,0.0,0.938
2021-10-11 11:12:43.975497,0.938,1.0,0.0,0.0,0.0,0.938
2021-10-11 11:12:44.153615,0.938,1.0,0.0,0.0,0.0,0.938
2021-10-11 11:12:44.267342,0.938,1.0,0.0,0.0,0.0,0.938
2021-10-11 11:12:44.357784,0.938,1.0,0.0,0.0,0.0,0.938
2021-10-11 11:12:44.463862,0.938,1.0,0.0,0.0,0.0,0.938
2021-10-11 11:12:44.652582,0.938,1.0,0.0,0.0,0.0,0.938
2021-10-11 11:12:44.750632,0.938,1.0,0.0,0.0,0.0,0.938
2021-10-11 11:12:44.894671,0.938,1.0,0.0,0.0,0.0,0.938
2021-10-11 11:12:44.987110,0.938,1.0,0.0,0.0,0.0,0.938
2021-10-11 11:12:45.127191,0.938,1.0,0.0,0.0,0.0,0.938
2021-10-11 11:12:45.267098,0.938,1.0,0.0,0.0,0.0,0.938
2021-10-11 11:12:45.320057,0.938,1.0,0.0,0.0,0.0,0.938
2021-10-11 11:12:45.361723,0.938,1.0,0.0,0.0,0.0,0.938
2021-10-11 11:12:45.570155,0.938,1.0,0.0,0.0,0.0,0.938
2021-10-11 11:12:45.735390,0.938,1.0,0.0,0.0,0.0,0.938
2021-10-11 11:12:45.893339,0.938,1.0,0.0,0.0,0.0,0.938
2021-10-11 11:12:46.030747,0.938,1.0,0.0,0.0,0.0,0.938
2021-10-11 11:12:46.121002,0.938,1.0,0.0,0.0,0.0,0.938
2021-10-11 11:12:46.257402,0.938,1.0,0.0,0.0,0.0,0.938
2021-10-11 11:12:46.397305,0.938,1.0,0.0,0.0,0.0,0.938
2021-10-11 11:12:46.500444,0.938,1.0,0.0,0.0,0.0,0.938
2021-10-11 11:12:46.634348,0.938,1.0,0.0,0.0,0.0,0.938
2021-10-11 11:12:46.764636,0.938,1.0,0.0,0.0,0.0,0.938
2021-10-11 11:12:46.912018,0.938,1.0,0.0,0.0,0.0,0.938
2021-10-11 11:12:46.995758,0.938,1.0,0.0,0.0,0.0,0.938
2021-10-11 11:12:47.126040,0.938,1.0,0.0,0.0,0.0,0.938
2021-10-11 11:12:47.265821,0.938,1.0,0.0,0.0,0.0,0.938
2021-10-11 11:12:47.365949,0.938,1.0,0.0,0.0,0.0,0.938
2021-10-11 11:12:47.527851,0.938,1.0,0.0,0.0,0.0,0.938
2021-10-11 11:12:47.627432,0.938,1.0,0.0,0.0,0.0,0.938
2021-10-11 11:12:47.732083,0.938,1.0,0.0,0.0,0.0,0.938
2021-10-11 11:12:47.854521,0.938,1.0,0.0,0.0,0.0,0.938
2021-10-11 11:12:48.006456,0.938,1.0,0.0,0.0,0.0,0.938
2021-10-11 11:12:48.151328,0.938,1.0,0.0,0.0,0.0,0.938
2021-10-11 11:12:48.254562,0.938,1.0,0.0,0.0,0.0,0.938
2021-10-11 11:12:48.382526,0.938,1.0,0.0,0.0,0.0,0.938
2021-10-11 11:12:48.517250,0.938,1.0,0.0,0.0,0.0,0.938
2021-10-11 11:12:48.669796,0.938,1.0,0.0,0.0,0.0,0.938
2021-10-11 11:12:48.757246,0.938,1.0,0.0,0.0,0.0,0.938
2021-10-11 11:12:48.852573,0.938,1.0,0.0,0.0,0.0,0.938
2021-10-11 11:12:49.037900,0.938,1.0,0.0,0.0,0.0,0.938
2021-10-11 11:12:49.156178,0.938,1.0,0.0,0.0,0.0,0.938
2021-10-11 11:12:49.290191,0.938,1.0,0.0,0.0,0.0,0.938
2021-10-11 11:12:49.413558,0.938,1.0,0.0,0.0,0.0,0.938
2021-10-11 11:12:49.543041,0.938,1.0,0.0,0.0,0.0,0.938
2021-10-11 11:12:49.657827,0.938,1.0,0.0,0.0,0.0,0.938
2021-10-11 11:12:49.749397,0.938,1.0,0.0,0.0,0.0,0.938
2021-10-11 11:12:49.792410,0.938,1.0,0.0,0.0,0.0,0.938
2021-10-11 11:12:49.965809,0.938,1.0,0.0,0.0,0.0,0.938
2021-10-11 11:12:50.149609,0.938,1.0,0.0,0.0,0.0,0.938
2021-10-11 11:12:50.283029,0.938,1.0,0.0,0.0,0.0,0.938
2021-10-11 11:12:50.417049,0.938,1.0,0.0,0.0,0.0,0.938
2021-10-11 11:12:50.548872,0.938,1.0,0.0,0.0,0.0,0.938
2021-10-11 11:12:50.621825,0.938,1.0,0.0,0.0,0.0,0.938
2021-10-11 11:12:50.751654,0.938,1.0,0.0,0.0,0.0,0.938
2021-10-11 11:12:50.828000,0.938,1.0,0.0,0.0,0.0,0.938
2021-10-11 11:12:50.911138,0.938,1.0,0.0,0.0,0.0,0.938
2021-10-11 11:12:51.053107,0.938,1.0,0.0,0.0,0.0,0.938
2021-10-11 11:12:51.229307,0.938,1.0,0.0,0.0,0.0,0.938
2021-10-11 11:12:51.381557,0.938,1.0,0.0,0.0,0.0,0.938
2021-10-11 11:12:51.520576,0.938,1.0,0.0,0.0,0.0,0.938
2021-10-11 11:12:51.641034,0.938,1.0,0.0,0.0,0.0,0.938
2021-10-11 11:12:51.755467,0.938,1.0,0.0,0.0,0.0,0.938
2021-10-11 11:12:51.884867,0.938,1.0,0.0,0.0,0.0,0.938
2021-10-11 11:12:51.960415,0.938,1.0,0.0,0.0,0.0,0.938
2021-10-11 11:12:52.011309,0.938,1.0,0.0,0.0,0.0,0.938
2021-10-11 11:12:52.214476,0.938,1.0,0.0,0.0,0.0,0.938
2021-10-11 11:12:52.410977,0.938,1.0,0.0,0.0,0.0,0.938
2021-10-11 11:12:52.490034,0.938,1.0,0.0,0.0,0.0,0.938
2021-10-11 11:12:52.645868,0.938,1.0,0.0,0.0,0.0,0.938
2021-10-11 11:12:52.748766,0.938,1.0,0.0,0.0,0.0,0.938
2021-10-11 11:12:52.852084,0.938,1.0,0.0,0.0,0.0,0.938
2021-10-11 11:12:52.932038,0.938,1.0,0.0,0.0,0.0,0.938
2021-10-11 11:12:53.099946,0.938,1.0,0.0,0.0,0.0,0.938
2021-10-11 11:12:53.233974,0.938,1.0,0.0,0.0,0.0,0.938
2021-10-11 11:12:53.353768,0.938,1.0,0.0,0.0,0.0,0.938
2021-10-11 11:12:53.492613,0.938,1.0,0.0,0.0,0.0,0.938
2021-10-11 11:12:53.629811,0.938,1.0,0.0,0.0,0.0,0.938
2021-10-11 11:12:53.744259,0.938,1.0,0.0,0.0,0.0,0.938
2021-10-11 11:12:53.885440,0.938,1.0,0.0,0.0,0.0,0.938
2021-10-11 11:12:53.994914,0.938,1.0,0.0,0.0,0.0,0.938
2021-10-11 11:12:54.159076,0.938,1.0,0.0,0.0,0.0,0.938
2021-10-11 11:12:54.266291,0.938,1.0,0.0,0.0,0.0,0.938
2021-10-11 11:12:54.402500,0.938,1.0,0.0,0.0,0.0,0.938
2021-10-11 11:12:54.492046,0.938,1.0,0.0,0.0,0.0,0.938
2021-10-11 11:12:54.656319,0.938,1.0,0.0,0.0,0.0,0.938
2021-10-11 11:12:54.747482,0.938,1.0,0.0,0.0,0.0,0.938
2021-10-11 11:12:54.885807,0.938,1.0,0.0,0.0,0.0,0.938
2021-10-11 11:12:55.030039,0.938,1.0,0.0,0.0,0.0,0.938
2021-10-11 11:12:55.129726,0.938,1.0,0.0,0.0,0.0,0.938
2021-10-11 11:12:55.225795,0.938,1.0,0.0,0.0,0.0,0.938
2021-10-11 11:12:55.408059,0.938,1.0,0.0,0.0,0.0,0.938
2021-10-11 11:12:55.516570,0.938,1.0,0.0,0.0,0.0,0.938
2021-10-11 11:12:55.625103,0.938,1.0,0.0,0.0,0.0,0.938
2021-10-11 11:12:55.790156,0.938,1.0,0.0,0.0,0.0,0.938
2021-10-11 11:12:55.890045,0.938,1.0,0.0,0.0,0.0,0.938
2021-10-11 11:12:55.997994,0.938,1.0,0.0,0.0,0.0,0.938
2021-10-11 11:12:56.129030,0.938,1.0,0.0,0.0,0.0,0.938
2021-10-11 11:12:56.245732,0.938,1.0,0.0,0.0,0.0,0.938
2021-10-11 11:12:56.346659,0.938,1.0,0.0,0.0,0.0,0.938
2021-10-11 11:12:56.399369,0.938,1.0,0.0,0.0,0.0,0.938
2021-10-11 11:12:56.608297,0.938,1.0,0.0,0.0,0.0,0.938
2021-10-11 11:12:56.754598,0.938,1.0,0.0,0.0,0.0,0.938
2021-10-11 11:12:56.909488,0.938,1.0,0.0,0.0,0.0,0.938
2021-10-11 11:12:56.991265,0.938,1.0,0.0,0.0,0.0,0.938
2021-10-11 11:12:57.094724,0.938,1.0,0.0,0.0,0.0,0.938
2021-10-11 11:12:57.263063,0.938,1.0,0.0,0.0,0.0,0.938
2021-10-11 11:12:57.390115,0.938,1.0,0.0,0.0,0.0,0.938
2021-10-11 11:12:57.450781,0.938,1.0,0.0,0.0,0.0,0.938
2021-10-11 11:12:57.554293,0.938,1.0,0.0,0.0,0.0,0.938
2021-10-11 11:12:57.731150,0.938,1.0,0.0,0.0,0.0,0.938
2021-10-11 11:12:57.805202,0.938,1.0,0.0,0.0,0.0,0.938
2021-10-11 11:12:57.978647,0.938,1.0,0.0,0.0,0.0,0.938
2021-10-11 11:12:58.163822,0.938,1.0,0.0,0.0,0.0,0.938
2021-10-11 11:12:58.285218,0.938,1.0,0.0,0.0,0.0,0.938
2021-10-11 11:12:58.391815,0.938,1.0,0.0,0.0,0.0,0.938
2021-10-11 11:12:58.510527,0.938,1.0,0.0,0.0,0.0,0.938
2021-10-11 11:12:58.623368,0.938,1.0,0.0,0.0,0.0,0.938
2021-10-11 11:12:58.701812,0.938,1.0,0.0,0.0,0.0,0.938
2021-10-11 11:12:58.817847,0.938,1.0,0.0,0.0,0.0,0.938
2021-10-11 11:12:59.021846,0.938,1.0,0.0,0.0,0.0,0.938
2021-10-11 11:12:59.125052,0.938,1.0,0.0,0.0,0.0,0.938
2021-10-11 11:12:59.252698,0.938,1.0,0.0,0.0,0.0,0.938
2021-10-11 11:12:59.411512,0.938,1.0,0.0,0.0,0.0,0.938
2021-10-11 11:12:59.522294,0.938,1.0,0.0,0.0,0.0,0.938
2021-10-11 11:12:59.650542,0.938,1.0,0.0,0.0,0.0,0.938
2021-10-11 11:12:59.795534,0.938,1.0,0.0,0.0,0.0,0.938
2021-10-11 11:12:59.833746,0.938,1.0,0.0,0.0,0.0,0.938
2021-10-11 11:12:59.944944,0.938,1.0,0.0,0.0,0.0,0.938
2021-10-11 11:13:00.129243,0.938,1.0,0.0,0.0,0.0,0.938
2021-10-11 11:13:00.279969,0.938,1.0,0.0,0.0,0.0,0.938
2021-10-11 11:13:00.378779,0.938,1.0,0.0,0.0,0.0,0.938
2021-10-11 11:13:00.530423,0.938,1.0,0.0,0.0,0.0,0.938
2021-10-11 11:13:00.647581,0.938,1.0,0.0,0.0,0.0,0.938
2021-10-11 11:13:00.730187,0.938,1.0,0.0,0.0,0.0,0.938
2021-10-11 11:13:00.844501,0.938,1.0,0.0,0.0,0.0,0.938
2021-10-11 11:13:01.056541,0.938,1.0,0.0,0.0,0.0,0.938
2021-10-11 11:13:01.152365,0.938,1.0,0.0,0.0,0.0,0.938
2021-10-11 11:13:01.248603,0.938,1.0,0.0,0.0,0.0,0.938
2021-10-11 11:13:01.379910,0.938,1.0,0.0,0.0,0.0,0.938
2021-10-11 11:13:01.522134,0.938,1.0,0.0,0.0,0.0,0.938
2021-10-11 11:13:01.621836,0.938,1.0,0.0,0.0,0.0,0.938
2021-10-11 11:13:01.763912,0.938,1.0,0.0,0.0,0.0,0.938
2021-10-11 11:13:01.878515,0.938,1.0,0.0,0.0,0.0,0.938
2021-10-11 11:13:01.976799,0.938,1.0,0.0,0.0,0.0,0.938
2021-10-11 11:13:02.131125,0.938,1.0,0.0,0.0,0.0,0.938
2021-10-11 11:13:02.291418,0.938,1.0,0.0,0.0,0.0,0.938
2021-10-11 11:13:02.383934,0.938,1.0,0.0,0.0,0.0,0.938
2021-10-11 11:13:02.520500,0.938,1.0,0.0,0.0,0.0,0.938
2021-10-11 11:13:02.614823,0.938,1.0,0.0,0.0,0.0,0.938
2021-10-11 11:13:02.774807,0.938,1.0,0.0,0.0,0.0,0.938
2021-10-11 11:13:02.882379,0.938,1.0,0.0,0.0,0.0,0.938
2021-10-11 11:13:03.017849,0.938,1.0,0.0,0.0,0.0,0.938
2021-10-11 11:13:03.082851,0.938,1.0,0.0,0.0,0.0,0.938
2021-10-11 11:13:03.283202,0.938,1.0,0.0,0.0,0.0,0.938
2021-10-11 11:13:03.413490,0.938,1.0,0.0,0.0,0.0,0.938
2021-10-11 11:13:03.513730,0.938,1.0,0.0,0.0,0.0,0.938
2021-10-11 11:13:03.660616,0.938,1.0,0.0,0.0,0.0,0.938
2021-10-11 11:13:03.762196,0.938,1.0,0.0,0.0,0.0,0.938
2021-10-11 11:13:03.887869,0.938,1.0,0.0,0.0,0.0,0.938
2021-10-11 11:13:03.983507,0.938,1.0,0.0,0.0,0.0,0.938
2021-10-11 11:13:04.093745,0.938,1.0,0.0,0.0,0.0,0.938
2021-10-11 11:13:04.296202,0.938,1.0,0.0,0.0,0.0,0.938
2021-10-11 11:13:04.377750,0.938,1.0,0.0,0.0,0.0,0.938
2021-10-11 11:13:04.516692,0.938,1.0,0.0,0.0,0.0,0.938
2021-10-11 11:13:04.652435,0.938,1.0,0.0,0.0,0.0,0.938
2021-10-11 11:13:04.748547,0.938,1.0,0.0,0.0,0.0,0.938
2021-10-11 11:13:04.857268,0.938,1.0,0.0,0.0,0.0,0.938
2021-10-11 11:13:04.955142,0.938,1.0,0.0,0.0,0.0,0.938
2021-10-11 11:13:05.036193,0.938,1.0,0.0,0.0,0.0,0.938
2021-10-11 11:13:05.122269,0.938,1.0,0.0,0.0,0.0,0.938
2021-10-11 11:13:05.369740,0.938,1.0,0.0,0.0,0.0,0.938
2021-10-11 11:13:05.512610,0.938,1.0,0.0,0.0,0.0,0.938
2021-10-11 11:13:05.644876,0.938,1.0,0.0,0.0,0.0,0.938
2021-10-11 11:13:05.780037,0.938,1.0,0.0,0.0,0.0,0.938
2021-10-11 11:13:05.853870,0.938,1.0,0.0,0.0,0.0,0.938
2021-10-11 11:13:06.024787,0.938,1.0,0.0,0.0,0.0,0.938
2021-10-11 11:13:06.155767,0.938,1.0,0.0,0.0,0.0,0.938
2021-10-11 11:13:06.246458,0.938,1.0,0.0,0.0,0.0,0.938
2021-10-11 11:13:06.357040,0.938,1.0,0.0,0.0,0.0,0.938
2021-10-11 11:13:06.519405,0.938,1.0,0.0,0.0,0.0,0.938
2021-10-11 11:13:06.640488,0.938,1.0,0.0,0.0,0.0,0.938
2021-10-11 11:13:06.786590,0.938,1.0,0.0,0.0,0.0,0.938
2021-10-11 11:13:06.911584,0.938,1.0,0.0,0.0,0.0,0.938
2021-10-11 11:13:07.022959,0.938,1.0,0.0,0.0,0.0,0.938
2021-10-11 11:13:07.127205,0.938,1.0,0.0,0.0,0.0,0.938
2021-10-11 11:13:07.278745,0.938,1.0,0.0,0.0,0.0,0.938
2021-10-11 11:13:07.369718,0.938,1.0,0.0,0.0,0.0,0.938
2021-10-11 11:13:07.477614,0.938,1.0,0.0,0.0,0.0,0.938
2021-10-11 11:13:07.643149,0.938,1.0,0.0,0.0,0.0,0.938
2021-10-11 11:13:07.776758,0.938,1.0,0.0,0.0,0.0,0.938
2021-10-11 11:13:07.908554,0.938,1.0,0.0,0.0,0.0,0.938
2021-10-11 11:13:08.048435,0.938,1.0,0.0,0.0,0.0,0.938
2021-10-11 11:13:08.135693,0.938,1.0,0.0,0.0,0.0,0.938
2021-10-11 11:13:08.251918,0.938,1.0,0.0,0.0,0.0,0.938
2021-10-11 11:13:08.422446,0.938,1.0,0.0,0.0,0.0,0.938
2021-10-11 11:13:08.483069,0.938,1.0,0.0,0.0,0.0,0.938
2021-10-11 11:13:08.636975,0.938,1.0,0.0,0.0,0.0,0.938
